carid,clientid,Марка,Модель,Год_выпуска,vin
1,380,Geely,Ibiza,1984,CMJUDH3W1P8RRB0H6
2,519,Smart,Firebird,1972,WAGAUYP547TT2Y5GS
3,36,Bentley,Barracuda,2023,96PUCUL85WHT2SYJ9
4,644,Alfa Romeo,Cutlass,2012,BKF4XGH770SKJUP8M
5,295,GMC,Continental GT,1989,FL1424VR04C9LRBXV
6,990,Daihatsu,Rexton,1989,9X0VGR7FXRCSG8UW3
7,414,Pontiac,Cooper,1992,Y2UUUNK289Y2LTHGS
8,936,Ram,Ibiza,1990,TAM67LX290HAPTYCG
9,434,Lincoln,Huracán,2005,4BUVNWF8599DNWVD1
10,125,Dodge,H6,1982,YP39HHPPX61CYCCM4
11,887,Lotus,Q50,1970,L16UAB8A5HVJFAT9J
12,204,Dacia,Nexon,2003,V9RFMSDT0LWVCXW9F
13,323,Pontiac,Mazda3,2017,VHCGYFXG283CECRSN
14,403,Dodge,Levante,2004,C95X626E9MSYN2LL7
15,991,Pontiac,Huracán,1988,XFHVN860XSC9UZW2D
16,419,SsangYong,F-PACE,2017,F1T3509T1XD85K7J4
17,291,Genesis,720S,1973,R3GA87MY7T0AUX3F5
18,956,GMC,tC,1989,MSE8TVAD357NTKY9A
19,790,Porsche,TLX,2018,WKSLCPMP18EPLYWUU
20,749,Cadillac,ES,2001,873542A84CP2H2K1Z
21,999,MG,C4,2000,82VXXZGD9FJ0PHB71
22,852,Mitsubishi,Mustang,1989,FYRC7CJC4R65TBB80
23,891,Saab,Civic,1999,56PMB82X6698G8A4K
24,59,Skoda,Regera,1972,W1GDVK295UPS2N34U
25,285,Lexus,Ypsilon,2010,72M6ZJE502DURM3E8
26,56,Cadillac,TLX,1998,HEBSPU4M9G9ANB1VL
27,204,Dacia,Lancer,2011,J5YUJH8U4KEKR7MM8
28,812,MG,ForTwo,2020,46C08MXDXBLG011UH
29,825,Smart,CS35,2014,68NT2Y7PXUZJ8KD09
30,413,Jeep,Firebird,1995,ZCDV5XUVXS1JY1YEE
31,367,Isuzu,Model 3,1979,5RHHURDJ5SEHLAVXK
32,299,Chrysler,tC,2018,1LC813A38P31STZAJ
33,282,Mahindra,Mazda3,1971,BWNCUBD13VV4VCKFL
34,189,Pontiac,Lanos,2014,0LNTKPLY2BTX1THMC
35,301,Dacia,Rexton,2008,196FGMS28WV85W9EU
36,517,Bentley,Impreza,2019,GG2FPEY75KSC4P0C1
37,890,Infiniti,1500,1988,Y04GUR891K92RTUPP
38,437,Volkswagen,Evija,1976,S01V260E4D2PTZ36C
39,965,Dacia,Cooper,2021,M45ZEKMY1LFJ8XRU6
40,84,Kia,Firebird,2016,720WV8J44MAG96E0L
41,149,Hummer,Impreza,1997,SVJUJ11W8CX4RH5CA
42,97,Renault,Wrangler,1974,2E19JXA160AEJ522E
43,709,Fiat,720S,1987,NRGZCEG54A2E50PB3
44,878,Porsche,F-PACE,1992,HAGBPD5K3UUGY9Y8L
45,883,Mini,Levante,2002,EVU1250JXCM4XJ5KE
46,476,Alfa Romeo,Maloo,1977,K1RW5ZF032FC888ZN
47,890,Aston Martin,Wrangler,1981,H3E65LP80CZLMEKMY
48,397,Changan,Camaro,1986,L038DKFM4ZY5K3NS0
49,34,Peugeot,Wrangler,1975,JSWLB0VD0JSDUW8EW
50,52,Volkswagen,H6,1993,W063ZRMK795V8XE61
51,909,Chevrolet,Duster,1988,DCVJSC3L8AZER5SJA
52,121,Scion,Nexon,2021,V0M1BN5SX8EV34EZU
53,817,Suzuki,Maloo,1974,HCY3G0H8XWWU1TR01
54,582,Cadillac,Maloo,1980,BH4JVKWY6WUG0D90G
55,226,Nissan,Barracuda,1996,7UMSUT9X1DDV9989K
56,9,Plymouth,Regera,1975,JV7JG8ZE2LJS5DL93
57,915,Jaguar,Model 3,2019,WB7ZK7DH7N9YVSHW3
58,22,Ferrari,Firebird,1984,1SRVTNJP0K2BXC2NJ
59,598,Porsche,Enclave,1991,P5343XTX6ZPJ04R0M
60,15,Buick,Regera,1980,LYC33HW83760TSXWT
61,492,Dodge,C-Class,2019,DYCUG88K4NHZL65KT
62,632,Lexus,Giulia,2023,KBZPSKSJ5H5383LL2
63,653,Buick,Evija,1977,SUKYV7LY4PK99D2TN
64,888,BMW,Altima,1974,Y58HW2RX3PV666XSX
65,451,Tesla,Civic,1977,BWP1U7TJ41RFVS208
66,488,Great Wall,Mustang,1990,78ZD5HUJ4KMWZEBGR
67,522,Porsche,tC,1972,61TYZKV458GAGJHTT
68,50,HSV,Firebird,1997,AR8XBZ1NXR4YM4DK9
69,709,Maserati,G70,1973,LE466M44X19Y9HEFT
70,763,Ford,Astra,1971,0J3VNZ4U2Z5STBWV9
71,745,Ford,ForTwo,2004,UD70EX1Z9FPRTG2XX
72,102,Mercedes-Benz,Octavia,1998,2JCFN8JC37NCFF8VB
73,831,Chrysler,Cutlass,1997,D38W1SRW05K51AG8Z
74,83,Genesis,Huayra,2015,8KK7FRP669ELELSSC
75,216,Maserati,G70,2009,J4263P1H66G01JVSR
76,413,Smart,Ypsilon,1986,DL0FA1BP1JMS73ZDR
77,608,Pontiac,Swift,2021,GR2WSRYB0MRW3C0VN
78,155,Daewoo,Phantom,1988,RN9TGY04670536R7M
79,117,Mercedes-Benz,Vue,1975,WUC8PC9N86W07E5DM
80,517,Chevrolet,Civic,1983,6RF08VML8YSSCA2W5
81,704,Tata,Golf,1980,NTZYZ0E39WR63SGU2
82,908,Chevrolet,F-PACE,1974,SZD01LJX2V7736CUV
83,926,Alfa Romeo,Vue,1972,00BRBU2X95JWFHU68
84,743,Dacia,Octavia,1989,SCH843XV874XE96FC
85,917,Ferrari,Civic,1984,C60U9NRV55CU1YLAY
86,430,Peugeot,300,1989,XXJUP1XF3CHZBWC9Y
87,603,Tata,C4,1985,U3A0GRA543G9CMX5R
88,687,Peugeot,Mazda3,2001,PBG2Z8ZR0RH26C373
89,399,BYD,Cutlass,2009,KANA07AW2CZ6TYFXJ
90,734,Daewoo,Cutlass,1974,4WWGWZJN1XH4KN24G
91,438,Cadillac,Evija,1976,S7WDVU52448ZK01GC
92,283,Mini,Impreza,1997,ZDL5HHW9478CUAMB5
93,176,Volvo,Ibiza,1999,CR679ZWH7XCFJ9RH2
94,276,Hyundai,Huracán,2003,KP15TM200J6EGLXAB
95,597,Bugatti,Lanos,1989,RSS86E4E3913D69W6
96,995,Rolls-Royce,Nexon,2013,53J9A5HY90KXMGX1F
97,510,Daihatsu,488 GTB,1973,WKK8NZNZ89DFJ9301
98,510,Infiniti,Maloo,2003,SFYELKY99VMUHF3JZ
99,804,HSV,Swift,2013,VDDC3PFGXJ3FCJGA0
100,479,Lotus,tC,1979,N858V1AS8R4X5TJHA
101,758,McLaren,720S,1986,JTLND8ZJ0PDUXVUF5
102,568,Koenigsegg,F-PACE,1984,SJLFUXKU7UH7S9LJD
103,935,Cadillac,Forte,1978,Y7LXMCSN7NM9E59TT
104,156,Skoda,Elantra,1997,S6UB5E4T7RC70MLFF
105,128,Dacia,Challenger,2012,MYSZDP8T8C9VAL0H4
106,161,Koenigsegg,Vue,2014,ULLG3M1F9LSDS37KS
107,217,Land Rover,H2,2006,DTEGJHYR026SS9GND
108,126,Alfa Romeo,Giulia,1995,UH4XU6EL2W5NUX5PX
109,197,BYD,1500,2016,HJXF10HJ6921JRETW
110,334,Lamborghini,Sierra,1973,DS6EYA7M4DM4B3LYW
111,361,Maserati,Model 3,1981,NVP1PS6D6X57BA6BC
112,141,Suzuki,C-Class,1991,WU5UYG7F0HVUM15UU
113,258,HSV,Ibiza,2005,6WLCEFSWX2WZZ1J4N
114,537,Nissan,DB11,2022,0BC8BGJS0PZH1NE9B
115,839,Mercedes-Benz,Maloo,1989,BF55P5SK6XBH78HT4
116,448,Honda,Q50,2018,T8A07F088CJ28MWU3
117,906,Acura,tC,2010,YDU77NUU4ZG3LSNSW
118,892,Plymouth,Navigator,2021,73TZ3P7X24THR6HE2
119,134,Acura,208,1987,LZXCYKNX3TEXC49XG
120,768,Scion,Astra,1997,A0JMHCSE4TUR0MK45
121,65,Jeep,D-Max,1995,SBK065CW4V9CUJS06
122,909,Alfa Romeo,Mazda3,1985,3RL187XC8HPF3U9EK
123,264,Alfa Romeo,3 Series,2003,Z60TENSX4UMJCM7YM
124,125,Rolls-Royce,Nexon,2007,U7MK4YP7X5XLEGRCF
125,551,Daewoo,Maloo,1986,M8J869UU0G4UBGETM
126,269,HSV,Swift,2002,ZZ8GKM337GVC653E8
127,128,Lexus,500,2014,8FLGX6XE2HPMEHHLH
128,335,Pontiac,300,1975,AW8HF99N7XV4EBPJE
129,734,Citroën,Huayra,2000,17SZEH877HF4W4JCU
130,502,Daihatsu,Mustang,2008,EDU9N8Z32B18255NK
131,574,Pontiac,Mazda3,2003,5PHA16MV3KS67R7DZ
132,160,Mini,ES,2001,EY64UJRP298JT570K
133,503,Oldsmobile,911,1974,5J6J8MBWXG47X105B
134,34,Citroën,208,2020,M6VYL4A58ZXKZ0EYF
135,100,BYD,Range Rover,1988,EMWBM9H41GY8Y7L2V
136,200,Hummer,XC60,1984,2H8N2M285USRBN02Y
137,393,Honda,A4,1974,NYNY1CKSX6PTJT83V
138,273,Scion,Huayra,1998,0M66232M3LSE0ZRHC
139,49,Saab,500,2009,3CZJ62N09PZ5SL3CE
140,712,Jaguar,H6,1996,JLGTMMK92M5VRAHF7
141,859,Opel,Barracuda,2004,TV79SNPX1F9TL8KZ7
142,596,HSV,Q50,2009,P1GBCLDE9J4VFBTSH
143,41,Kia,Qin,2020,UWKKBNYA61VSNZW0R
144,903,Ferrari,Mazda3,1982,6XP3W24Z43Y457F9K
145,624,Audi,Ypsilon,2010,JDRBVX8B1RAWS09FW
146,253,BMW,XUV500,2023,583RG03750J849E9A
147,578,Dacia,Impreza,1994,1EWBSTL65XP06ZWXC
148,698,Toyota,Huracán,2020,8AUD1MFZXZYZEEVXW
149,125,Lexus,Impreza,1976,80PMF9Y68SR97TXEU
150,445,Renault,Huracán,1999,VDZZGCPN6GRHZL7ER
151,860,Bentley,XC60,2016,CFUAA87S1D6T5CVH1
152,838,Mitsubishi,XUV500,1974,A7E2FNB55U4NZ98P0
153,187,Isuzu,Camaro,2001,6W01YZDD8XGUNDGTF
154,758,Fiat,Clio,1992,KLD6JP2D6VS96PA5C
155,272,Land Rover,Octavia,2016,0NM3T8E02HTT4L0RR
156,674,Lamborghini,Firebird,1997,LUVF0WCB73YF8E3ZA
157,574,Genesis,C4,2015,286H7NCU0AMYNSX4B
158,208,Tesla,Ibiza,1970,C7Z7GKUGXCXFPJY2N
159,993,Mini,Model 3,2019,ANFHS3BE19Z1MLG3K
160,655,Jeep,Lancer,2010,6Z0G78UH5Z21E0HD7
161,48,Land Rover,Nexon,1971,SHHXCG1F384X8DLCL
162,287,BMW,Astra,1983,E4368WNK96FVK34XD
163,902,Maserati,Enclave,2016,KVKJJRB57NA53B25F
164,584,SEAT,Chiron,1995,V35FNLC2801AKVECB
165,116,Jaguar,DB11,2005,CUG88XNY39MGHY4L6
166,646,Tata,Wrangler,2002,T9JEDB1H4D663AUFT
167,212,Infiniti,DB11,1989,PTNACVA021PHBH7BT
168,188,Saab,TLX,2006,UYGEC1HK22G63VF2X
169,46,Geely,1500,1988,14SBY1G33FE27REG2
170,566,BMW,CS35,2006,K10TD7JU9CSVF4ZVS
171,771,BYD,A4,2015,G0SRMDY27N65E24M4
172,157,McLaren,Escalade,1992,ZC39TBWV6RJULPG37
173,156,Renault,500,2015,6JAYVK4Y1587KTS7W
174,347,Lexus,Vue,2017,6YLVDE4U87AD7AKK9
175,416,Chevrolet,Huracán,2013,MCUHHDCV813W9N3EL
176,534,Volkswagen,500,1975,XBYLR6Y58VJVT7EST
177,440,Mazda,Lanos,1986,6J033X605SFC5CKE5
178,575,Volkswagen,Huayra,2011,PD9UENY06VVZ3S0LU
179,666,HSV,Challenger,2002,69M091ZHXCDEHE5ZD
180,536,Chrysler,Navigator,1970,MTF3XMKP9UXHA7139
181,526,Saturn,1500,2011,3CHKJT5N3XYHN50KW
182,532,Volvo,1500,1972,NTXGGS320FXHR0VR4
183,423,Aston Martin,Emgrand 7,2009,3UD8LL2S1MVRC6NVX
184,301,Saturn,Continental GT,2008,GHLYJ93K7TYHF2HNA
185,904,Kia,DB11,1975,9GFAMNU733705KDVZ
186,77,McLaren,F-PACE,2019,VXG1GT0V3821EJLB3
187,413,Honda,Corolla,2005,7RTVJ03G2SYWXUUAC
188,957,Volvo,XC60,1995,ZLHYY5U38CTWF2JA7
189,745,Lamborghini,Barracuda,1987,G60SK41V2CPHF008M
190,566,Holden,DB11,2003,DA7AXZJ38VZUCU386
191,485,Lexus,Cooper,1972,S6BKBJUZXAMCM4LRL
192,562,Bugatti,Elantra,2002,BM2BDP7K79HAA6HT2
193,7,Buick,Elantra,1996,FR76F2BG85CUNEVZL
194,229,Buick,720S,2013,72H9Z8GG0P7PPNPGP
195,638,Fiat,Clio,1981,0A47CS7C3SDDZA4UZ
196,349,Plymouth,Ibiza,1981,G7G0M10XXB24XPJ8P
197,229,Nissan,Forte,2006,AKC3ZTMG57PV79ND8
198,353,Jaguar,CS35,1993,54Z763TJ1MVM42AEF
199,365,SsangYong,Astra,1982,3K7P0MA6XM03TSDM8
200,621,Volvo,Civic,2017,FJY629V548P9WNEFG
201,542,Rolls-Royce,Qin,2002,EXRNK75L4FB1CCHV3
202,357,HSV,Evija,1997,ZWKKPJ8Z4WKY301BC
203,533,Chevrolet,Commodore,2004,BM898VAD1AL7L5FTA
204,680,Saab,Model 3,1978,EKKAHTPS66T9SZX0M
205,663,Mazda,Huayra,2013,XJUTBTGZ9CLP7CE5F
206,425,Opel,Commodore,1991,6RSUA1FE0G8WPHU0Y
207,102,BMW,Vue,2013,73RPP3M84B023GTM0
208,450,Land Rover,Swift,2008,6W27UA1N30ZF3L8WH
209,532,Aston Martin,F-PACE,1990,1EHMHE1J1LC292GWM
210,639,Daewoo,Copen,2021,NYX95D8J07ZCPD1JR
211,928,Mini,Continental GT,1997,CYHZ2SWZ3GL68WYD1
212,976,Genesis,500,2018,XB8G7G2J4CK7FHW86
213,68,Lexus,ForTwo,2012,F4KJHG5G6ZPRJ51AS
214,489,Tata,Continental GT,1980,DF3KWHDJ2SV0RZ513
215,393,Peugeot,Corolla,2021,BPZDVHV675L2ANNMK
216,855,Lexus,1500,1994,FN6BE0LN23XYKSNVD
217,424,Citroën,TLX,1976,W7AZP4PS14AMTS54V
218,715,Mazda,H2,2000,VSHBD80U32BTPJS4U
219,955,Lotus,208,2004,3ZZKP84K4SAGEYVMG
220,766,SEAT,Octavia,2021,V6K093CK0A465WTHD
221,358,Dodge,Levante,2020,TH4TXZRH968TA0WES
222,239,Lexus,Elantra,1972,A67F21SA675S1FGHL
223,450,BMW,Altima,1981,GAKR1C3U81EFRCYP6
224,713,Toyota,720S,1981,KC2HB8XU2VXXG6R6J
225,89,Mercedes-Benz,Duster,2005,R3X6SGKE0JGPN0DBK
226,885,Lotus,Golf,2008,3S7L3DVZ4W01Z81BY
227,982,Mercedes-Benz,D-Max,1979,1G86TKLP3F0C69MJ3
228,106,Chevrolet,ZS,2020,86KWZ1P424ZRSM349
229,653,Kia,Escalade,1977,M6ZVC9X1XF4J5J12U
230,319,McLaren,Clio,2001,90WYP5ZC6BWC0LKG5
231,162,Acura,720S,2013,3F5L0N5B1SAAUEHJP
232,95,Cadillac,Regera,2018,GPCB63NDXKMZ7G48K
233,576,Mahindra,ES,1989,15CGCH9P2B4V9V6RR
234,280,Mahindra,Range Rover,1981,GDJA0K038JKSB8DG1
235,114,Ram,Clio,2015,YRRKVL440TCH3SSKW
236,847,Alfa Romeo,Camaro,2005,50MYAFM4822785KPW
237,46,Saturn,ZS,1972,NB0EX7Y50S6XHN8RE
238,175,Land Rover,C4,1974,W595Z9V24GJ0P2W61
239,274,SsangYong,Maloo,1996,3658DKVW0NBWKAB9J
240,811,Holden,Barracuda,2019,Y10FHVWX6GU4BLT3F
241,985,McLaren,Emgrand 7,2018,81XU4XC91U1XJJFX2
242,524,Jaguar,Forte,2000,0WPU88NS26944JGHT
243,46,Chrysler,Model 3,1996,D2VK4VPK60U3E72LL
244,604,Mazda,Elantra,2002,KG9LM7Y13L0SXT7RY
245,262,Infiniti,Copen,2008,18GXFXRJ6RDP2HK2S
246,696,Pontiac,Corolla,1985,XB9CDFNS95SP53EGL
247,606,Mazda,F-PACE,1987,6V21SA2Y8AEPBLP3X
248,168,Lancia,Elantra,2015,JY15DX6E36H6UGM69
249,539,Porsche,Forte,2006,FK1VR3LX16W6WRBL9
250,107,Nissan,ES,2005,TNFB7X8R67AY9S1G7
251,967,Bugatti,tC,1997,LACUE96C3FKLT1L5W
252,235,Ferrari,Barracuda,1981,KRRKDK26XJD5GJY6B
253,623,Geely,CS35,2001,K5V88HMV6EHMP1283
254,665,Pagani,Lancer,2020,06U7UVDT7D236627N
255,53,Buick,9-3,2004,M4PM4LM0503C667DZ
256,86,Honda,Clio,1979,7RCX33ZU3SVUUCN0X
257,487,Koenigsegg,Challenger,1985,LZ15EGNS9YULVBSRY
258,303,Lamborghini,Levante,2009,WPHCB0EH5YZ2PMH0F
259,377,Dacia,1500,2002,UHB41X3N1RSE952EC
260,302,Jaguar,Cooper,2012,HU229R7L4CFP1BEVB
261,1,Land Rover,Commodore,2003,F3GT38DLXW7YHLXUX
262,127,Hummer,Navigator,1996,29PTD8NG3JRV0K7VR
263,664,Alfa Romeo,CS35,2017,RZ4PE4F064Y4L7ESF
264,581,SEAT,Giulia,2008,VBP8AVVP9AD1HJLKZ
265,346,Maserati,ES,1994,KYZSJRTK5K3M6LWJY
266,937,Opel,XUV500,1992,BVXCCDHC55JHJTUNZ
267,127,Ram,TLX,2023,ZZDE42FB2F5L5J1AG
268,560,Dacia,Huayra,2018,HB5G7YUR945M5Y9BC
269,98,Subaru,488 GTB,1978,R4F3RPMF7ZMENHUL8
270,331,McLaren,Escalade,1994,0CWW9NYNXHFMPCF3U
271,540,Buick,tC,1970,251R2CA76F4UHHE4V
272,631,Lexus,D-Max,1973,X6NM22EW7698T11HK
273,762,GMC,Maloo,1972,2G46S1BF2G31GSX4R
274,61,Koenigsegg,Evija,1997,DHK87HTFXJGTFX0SR
275,256,Dacia,Levante,1997,1A0JYWLT9A69GGT0A
276,918,Mitsubishi,Commodore,1972,2H1A0UK881LYFU2AX
277,742,Daihatsu,Barracuda,2014,07S6CXL38CYCE5ZKJ
278,755,Porsche,Elantra,1975,9VV6S9YE1JUGH8L08
279,72,Plymouth,Wrangler,1988,54E0L41CXZ0TC9HXF
280,848,BMW,F-PACE,1981,09668GA16VC8V713Y
281,851,McLaren,Ypsilon,1992,RSD3N4622MWF3ME3H
282,615,Toyota,500,1980,8VTAUTLR95X6EBL5R
283,778,Pagani,H2,1980,1HHWN2HL93DKJ7PBE
284,637,Changan,Escalade,1976,DGDCTFM3208PJXBJ6
285,10,Changan,Continental GT,2016,A4A0HF25XXX252RSW
286,304,Suzuki,Enclave,2006,WSXYZH7E4E10MHXPN
287,593,Ferrari,Evija,2019,028ELALP50BKS5AS7
288,481,Chrysler,Clio,2000,03BP46TJ0WB5T310B
289,738,Lincoln,ES,1997,98PJ10RAX39A1RU6D
290,397,Great Wall,500,1998,NA535TUP30ACYSD4M
291,803,Opel,Lanos,1992,NW4CGH40943NELW8G
292,766,Cadillac,H2,2005,BBJYV51S22TTLU70K
293,240,Ram,Giulia,1997,U410Z4KW9J8YU9BZH
294,129,Dodge,H6,1992,ZD0SMLS66ZHMXWYH6
295,745,MG,ES,2018,8BH7VPEX7FXKWW0BA
296,253,Chevrolet,Evija,1970,L4CWK2VL26TUXDA8B
297,251,Audi,Sierra,1970,D25WCFNX7R2K4UR7U
298,333,Hyundai,Swift,2011,EPMVG85823P7B98ZJ
299,275,Hyundai,H2,1999,0R8UW2WU6V1HJVP5C
300,361,Suzuki,Huayra,1995,9XBY5JBA6MBEVDT53
301,676,Jeep,Chiron,1999,ZP22ZZY08YYH4U068
302,274,SEAT,300,1983,LEZ139ML56UVUDY89
303,518,Citroën,Golf,2016,JFLCL3RX29R43Y9E2
304,592,Lamborghini,Sierra,2017,L30TZWGX7478C2KLF
305,232,Audi,Vue,2021,A6H2U65H2CDC2Z3HS
306,561,Maserati,Octavia,2005,X7EF3HXM8NN1VV4BJ
307,841,Rolls-Royce,Lanos,1998,9KFLR5HB6HFYE557H
308,823,Chevrolet,Q50,1981,H8HGMT8EXJL74JE7S
309,946,Cadillac,488 GTB,2000,DN3JF4JT16ZTBFYSW
310,942,MG,Evija,2010,H5AEZF127Z8A702F5
311,785,Lincoln,Huracán,1998,KR2FNCLF4GHP7CB5H
312,718,Porsche,Forte,1987,T4JAHF0R7V00A3JZK
313,630,Alfa Romeo,3 Series,2008,EXT3SSYH2Z1X04V5C
314,698,Maserati,XUV500,1990,P4WS3NAR4FXHZG7P6
315,967,Porsche,Ibiza,1977,J4CUN37627VJLLY3K
316,254,Kia,Cutlass,1986,VF731T4E8ED9HEB5A
317,224,Tata,Ibiza,1984,T97S7GVXX16YPUNY9
318,884,Ferrari,C4,1977,6DS02RE7XNHL9W5B9
319,995,Subaru,Mustang,1986,BRT26Z10930V9PYDL
320,73,Aston Martin,Model 3,2006,UZDYFM3148CRMKWXT
321,527,Chevrolet,Copen,2003,U7MNAT7042L5RLK85
322,398,Honda,Barracuda,2012,HJYF76L552DXZE46S
323,221,SsangYong,Forte,1970,U3TFH64Z453W5EJL8
324,895,Nissan,Chiron,2016,JAPXXBXY81AEL8BWB
325,718,Lotus,Lanos,1985,S3ZEZ9KJ7LCHUX2EV
326,965,Hummer,Civic,2009,4R7HTD2L7KNWEU9N0
327,30,Volvo,Mazda3,1972,SMSR9LCP1BUAG59U7
328,401,Maserati,Rexton,1983,F7R6R7X68UAFGS5CJ
329,322,Aston Martin,Mustang,2002,HL5F6P05X5RUE8CC9
330,195,Alfa Romeo,Emgrand 7,1978,9Z814MK755PEUM9MK
331,741,Infiniti,D-Max,1981,70Z12CU73RGF0EXLG
332,892,Great Wall,488 GTB,1972,RWGB1X2D5T7C8KYTR
333,738,GMC,A4,1972,CJCR2UMY7KH35R9KP
334,845,Saturn,A4,1997,R3JX7K2T91X7SFANT
335,14,Volkswagen,Astra,1991,VE4ZU2CL10SRSDUAN
336,402,Plymouth,Mazda3,2023,58PU09RM6CF119WR4
337,991,Jaguar,Forte,1984,LCAZB4GN1HLNK6J5X
338,389,Buick,488 GTB,1986,ERWJ9M4X543AFFV9C
339,295,BMW,Golf,1976,HCFPTU7W2TF1J989R
340,848,Dodge,720S,1991,A6ZEA2ZM8YVH1449X
341,925,Kia,A4,1970,5H9FYTCF7DRDMGCDR
342,456,Mercedes-Benz,Octavia,2010,VWPWJHGT73WLEPK1H
343,230,Mahindra,Lanos,2011,2US70E1J1AYJ8XZ6R
344,184,Dodge,Forte,2017,SCP20DW724SLH5JP0
345,428,Mitsubishi,Q50,1973,AZ3NF7LT1BBM9T154
346,815,Peugeot,A4,2015,CHMGF7P2XXRKCJP6G
347,387,MG,Regera,2023,VL3CKCS91ZJKVFJKM
348,662,Chrysler,3 Series,1991,VCKD8ABC0NU8HGF87
349,229,SEAT,Challenger,1985,X4SW2P4U7HWYBEJY7
350,204,Bugatti,Sierra,1975,H6YT4P2G1XL9S7HMD
351,311,HSV,Cooper,2009,L5E7TKNU2MGNS20ZD
352,430,Buick,Barracuda,1971,Y1SMC1BN0781UBC28
353,675,Plymouth,Rexton,1981,WNF49TA0198GXWHE4
354,719,Volvo,Altima,1995,VYH18XXE11NVT8XAJ
355,965,Lamborghini,Copen,1984,VZGMZ9WN0NVADS9ZY
356,207,Daihatsu,H6,1992,Y180N5P43NK0TH33R
357,21,Land Rover,Emgrand 7,1986,44HTNKN7674UC3UEM
358,545,Saturn,Lancer,1984,DLATKGKPXYMW4D7LA
359,837,Volvo,Cooper,1974,G9H6VTMZ32CP8KEAJ
360,793,Porsche,Huayra,1975,616GBWWC7R5YTAN3J
361,419,Peugeot,G70,1974,WWKCDVER60G58NW05
362,814,GMC,Impreza,1990,439XW2816L5AZX79D
363,890,Dodge,Barracuda,1974,0C4BPZ881MMX42YLN
364,414,Subaru,Evija,1982,J89MRVAW3NBWXB6ZM
365,417,Mitsubishi,3 Series,1981,K5Z3EJPP88U791ZW5
366,260,Toyota,XC60,2014,7PBCEK182DLBTRVCX
367,60,Changan,Regera,1990,5PJ9BC6M02R9JRNGD
368,817,MG,C4,1984,KFZV9DJK8CMM36NFA
369,849,Oldsmobile,ZS,1971,VY8PYNL32TD2J9HXX
370,406,Smart,Levante,1994,LSV7F73A3FURRV7R9
371,219,Hyundai,Rexton,1979,JYRHTJNG2XP93WCSR
372,950,Peugeot,Cutlass,1978,4UPJYT4L3A7GD6CRL
373,60,Skoda,Lancer,2002,C3D524RX3X52Y0VZR
374,204,Infiniti,208,1988,KUMHF0SJ9K65GWC8T
375,891,Fiat,Lanos,1995,PWJ0950R93ENKSLW3
376,434,Hummer,Continental GT,2017,V3YCJ3XG6UUGRMK1W
377,321,Mitsubishi,Wrangler,1990,RF6XKV33X7UH6J5TR
378,907,Cadillac,Q50,1970,D3U8TS3J9R593LJ59
379,649,Daewoo,Cooper,2022,GN0VXJRX9317Z8ZNR
380,962,HSV,Clio,1973,KU8F9BAX5ZG5SLA8B
381,389,Pontiac,Impreza,1994,86FLKP5Y89BSXTP6J
382,84,Alfa Romeo,CS35,1984,954ZMEXH5VV17JBSJ
383,450,Honda,Firebird,1980,30UU1U5K2AUD7LGVY
384,984,Tata,Wrangler,1986,DSWSGURD3TWKY4D38
385,758,GMC,488 GTB,1986,1DUPP37U8U2A00BMR
386,166,Daewoo,Altima,2013,08S6LMD718GFJX9GL
387,377,Isuzu,Forte,1988,TKL069MNXCE393W4S
388,960,Porsche,Firebird,2000,EWW871VP0YALNVA7W
389,261,Citroën,C-Class,1993,HN1P5U81XPXE9BH4W
390,469,Mazda,1500,1976,4RGW9VNA5GD305VKR
391,1,Hummer,Phantom,1981,WF27FPCJ6TDVEYEYR
392,431,Chrysler,488 GTB,2004,UVRUECWS4PF7WYF9N
393,43,Buick,Impreza,1999,C972WKXA3VA7HRWZS
394,885,Jeep,Lanos,1999,HHUZ333WX0ZX3FAW8
395,823,MG,Swift,2019,RTCGY4487THANXDKT
396,13,Land Rover,Huracán,2023,6EPRPVJN3FUGAG4YL
397,501,Isuzu,Forte,1991,BZWM8BFE6HX7M22XS
398,582,Ferrari,Rexton,2008,YN62ULAD330VN22JM
399,206,Koenigsegg,D-Max,2014,XDU1HF0D5F3T5HM46
400,413,Hummer,ZS,1983,R3UZKD002MW7CSV9D
401,861,Dacia,TLX,1985,BT895XJM6F643L7SG
402,640,Fiat,3 Series,1973,CF7LXYFK1P864KALR
403,88,Buick,XC60,2007,2Z1KN7KD76FBHRT7P
404,674,SEAT,D-Max,1991,3N1MCHXR2PMUUREPL
405,677,MG,Challenger,1970,83A6MTLY4JHTSELKM
406,703,Plymouth,Rexton,1975,YL013BAS8MGUSLY7M
407,236,Saab,Camaro,1973,YPHN7JJK75VTBMUNT
408,716,Suzuki,Firebird,1972,00WYA0PV2K3J5NP85
409,428,Lotus,3 Series,1993,99BJYHGP56Z5G6UUA
410,236,Ram,D-Max,2019,6XBJU374XS133Y7TY
411,327,Great Wall,Wrangler,2013,N8C4PJ3G7M6B8YCL5
412,767,Oldsmobile,Altima,2022,C7C4RKKY9VUBP70BY
413,55,Chevrolet,ZS,1997,VFZ7M5PF9BHUGHT0J
414,565,Hyundai,Emgrand 7,1970,EUYUZ3UJ7S14CWGW6
415,907,Lotus,DB11,2021,UMSNP4NE8A9EZMNYT
416,983,MG,Astra,2001,B8AJRJLY702HXCUC4
417,425,Tesla,Lanos,1985,XVU4A7N869L0G5YEV
418,668,Cadillac,tC,1975,X23AWA3H6DW13PNHM
419,719,Pontiac,1500,1983,8DLUHZ451KWXAHSEV
420,68,Land Rover,Astra,2007,XWKUTMY98X1RTHSFX
421,979,Pontiac,Clio,2008,NM1BP2YU8W1JXJUJ9
422,510,Pontiac,Qin,2020,7G9PGAMS7T950U1EN
423,599,BMW,D-Max,1989,03G8531E48EYCR3X9
424,772,Mitsubishi,XUV500,1984,ASRH7VD15DSN741K5
425,752,Ford,Navigator,2020,C88YHU1V4U3K3T8CE
426,25,Mahindra,Camaro,1976,5AK6CTDK0DC6GJJEA
427,761,Opel,Lanos,2023,PCPAC4NF6JS4ALULM
428,167,Ram,Evija,1991,0PAYYNY01CFYPV8AL
429,653,Daewoo,CS35,2001,Y3AJ8E083U2X13VG1
430,448,Volkswagen,Forte,1996,SUB17YZ417UFTJMW5
431,634,GMC,Maloo,1974,6PD4HB634MFK8DYFR
432,221,Mazda,Cutlass,1988,43LJ13N36C3M54G5A
433,118,Buick,ZS,1994,3J7A2NED27FP148V7
434,520,Volkswagen,Corolla,2015,G14UM6A58K9AJ35UC
435,338,Alfa Romeo,Ypsilon,2010,GZU4TSUG02T44M1VB
436,565,Fiat,D-Max,1993,KD61KGP573GKFEZ58
437,451,SsangYong,3 Series,1971,XJ6J2VEC4L8DU953Y
438,758,Smart,Golf,2021,5L8JZGJK4PCSRM31T
439,975,Ferrari,Huayra,2023,SFSUZMWS78HV0DVRL
440,960,Infiniti,G70,1978,S3XEKBHA0DWXXFBEJ
441,932,Aston Martin,500,1986,M4FTCA9E84ZWT7D32
442,989,Lamborghini,Altima,2015,LUUERMYT34NZAXJV8
443,653,Mini,Octavia,1989,ZWYF4GUU7WG7V8E1T
444,638,Kia,3 Series,2023,R9BWDH6Z7RMRNU7VJ
445,650,GMC,Mazda3,2014,GNEVFKEX4Z5XEP10K
446,505,Plymouth,Impreza,1971,RTHRNABKXEHD5ZSK1
447,490,Bugatti,Wrangler,1992,8GCG4RC99JB8ZG1DA
448,775,Smart,Forte,2019,1WJLF2544PA9REVEF
449,920,Ford,TLX,2016,C3TK13ND3WSJAJXU7
450,868,Tata,Lancer,1990,UFKPKCY119GM12PXX
451,435,Mitsubishi,C-Class,1991,X05187T231HAEW26U
452,208,Rolls-Royce,Camaro,1978,TEG0D7FM9NL4G68TY
453,70,Skoda,Enclave,2019,PXFEZNX81UWME8DV8
454,953,Great Wall,Astra,1988,9526RH662T7PYJFXU
455,192,Audi,Continental GT,2023,GC3JF6KP9E9UJR9SC
456,714,Opel,TLX,1991,P20M2EJJ1JL84BTAA
457,88,Jeep,500,1994,R52CASFA3LHK7M3YD
458,455,Great Wall,Wrangler,2001,0LTRCE3G2MUL95AAX
459,684,Kia,Regera,2012,83YNPL3K0S4A35YA9
460,388,Suzuki,Firebird,1982,6CJBP45LXBDD3Y53V
461,914,Nissan,9-3,1992,DE7TZDFC1G14KXGD4
462,97,Mahindra,500,1975,ATH2RL3K83U29FKM7
463,617,Smart,Model 3,1983,K1LDN4H9350LJL7RX
464,703,Jeep,Escalade,2006,U3PTCU1Y4GM7CXDJF
465,666,BYD,500,2015,WYA603D86L3H93FEH
466,416,HSV,Mustang,1975,5KSWSAAV7531B028P
467,690,Nissan,Ypsilon,2003,89062A2M250XX0CTR
468,972,McLaren,tC,1979,D48DF3PD1S14SFZL4
469,913,BYD,Maloo,1995,X7J8122W89VE1CDK1
470,516,Subaru,Impreza,1984,5A3TXMSVXSXU7NGWC
471,902,Isuzu,Astra,1997,2TFW173175V883AKW
472,516,BYD,Sierra,2015,75V7HPSD2F2FE6TE6
473,46,Holden,Nexon,2002,P4GY43V24YA8XH0KN
474,394,Scion,G70,2013,RS10AG2N9RRNEFREF
475,998,Land Rover,Maloo,2019,NLLEHFCC3UXRC9U5S
476,852,Jaguar,H2,2018,C4TTLSVA0R4R8B5R7
477,796,Opel,Wrangler,2008,MRMYEAJP7832JEUY6
478,249,Volvo,Q50,2009,DLMJ1WUB8XJLW1BSB
479,366,Volkswagen,Commodore,2014,LU7AZLW6XXB380CZ7
480,738,Buick,Q50,1982,WYGVZ3MN7AC2PGBRG
481,921,Honda,Swift,1980,SHDRY08K7T57JNG5K
482,395,Toyota,Chiron,1973,KUPPUWYK0XYW7FVCW
483,627,Isuzu,Octavia,2004,H7VXJZMNX9434NG08
484,759,McLaren,Clio,2012,YJMMJUBEXBV0NU3M6
485,243,Mercedes-Benz,Q50,2023,LSMECCF42DN4VF5ZY
486,705,Daihatsu,Mustang,1971,ZYT8S2C98JV6LLK6J
487,365,Changan,Huracán,2000,SZUJMXP37K7W6W4GT
488,896,Volvo,C-Class,2011,3RU9JAWK7Z3BVR8FM
489,613,Maserati,TLX,1997,4N6188GS4738TGJ4W
490,690,Oldsmobile,Mazda3,2002,13EGZU3R4YCFTRFXS
491,126,Bugatti,Copen,1980,KS2W6DV02Y8ZZ3JH3
492,60,Skoda,488 GTB,1986,KYPP0Y5W8XLYPPZLL
493,167,Lincoln,H2,1981,L97P7M248SH0JTMU7
494,493,Subaru,Navigator,2016,UFMRYPTX2TN698Y8E
495,880,Lotus,tC,1981,D8U86RM00F0VTWM98
496,495,Jeep,Enclave,2018,YA3FES0B5P54WYK2B
497,820,Land Rover,Forte,2017,RYT7SDEWXZXFD161V
498,984,BMW,Civic,1985,N4732FSB5PEG4C8G2
499,720,MG,Model 3,1989,JC8LCKR05LP7BUVL7
500,889,Land Rover,Altima,1992,DE6P3HS96X464MSJD
501,21,Lexus,Astra,2000,DY21C73X2EN1U631W
502,613,Scion,Sierra,1998,7YAD8J0239JBTSK37
503,952,Mitsubishi,Civic,1994,NKNKZ4T45BDWW5S1H
504,436,Lotus,Emgrand 7,1970,AD0XMHFK3KRWRJ38R
505,934,SEAT,Maloo,2014,BR197R494VGG988EA
506,74,Volkswagen,9-3,1972,CPN7PZPW7K3HMEMTU
507,103,Nissan,500,2002,5XC41YBG3WT4MF9MT
508,681,Acura,Firebird,2003,YSBL5C037V287G3VR
509,573,Saab,Civic,1975,DT2B7XW7XV2VLXLL4
510,968,Acura,Golf,1999,47RKSKFU8FG71BHUR
511,468,Skoda,Elantra,2003,YMLTCE9F6N4VFB4S7
512,623,Genesis,Continental GT,1983,BY8WLY124LDTW93RG
513,605,Holden,tC,1999,8F32PAGG6WWPY23AC
514,402,Peugeot,XC60,2014,H7YH4B5X8WJ4M80TB
515,746,Isuzu,Qin,1995,WYRBLKFD3HT7STZ97
516,16,Skoda,Giulia,1982,8S96GPF8X1C3B54ML
517,394,Maserati,Ibiza,1988,32F4JLPA8AB93ZJES
518,978,Hyundai,300,1980,R9ETM1MFX3BRKR93M
519,779,Pagani,Corolla,1990,YB2P1HWF553GNP2EP
520,158,McLaren,300,1988,C31SE9V17D0GFL6HG
521,16,Isuzu,Mustang,2019,SHJN4J215M87339M1
522,58,Ford,Clio,1990,USGRRDVS45K76UG0L
523,835,Tesla,Cooper,1985,X06889TU7JJSNF4DP
524,23,Mini,ForTwo,2004,9WFJ6T1K2X3Z1P6LM
525,991,Tesla,Challenger,1995,09WZHX4S6HRFDWLG7
526,88,Lancia,Impreza,2018,HS4M190Y4MTK14F84
527,212,Buick,Phantom,2019,4HUBMTTH0H4LJ8C1N
528,192,Mercedes-Benz,Ibiza,2009,XP4FWSH94D05RS0MJ
529,244,Jeep,720S,1991,309Y492A60398NPTD
530,285,Saab,C4,1985,UWBM903A6NUNSKDAG
531,330,Saab,Phantom,2017,LVUBSSN67ZCGDR13W
532,510,Oldsmobile,Range Rover,2003,V87KKL8V3E78830SD
533,368,Cadillac,Range Rover,1972,BNP2VNXE2AP8X309J
534,44,Lancia,Evija,1985,3HPF466G355EKLMHN
535,841,Lincoln,G70,1990,36RMXCLC7MDAFWMAM
536,256,Toyota,Mustang,1999,S6VPHDVU9DCB3UFRG
537,190,BMW,Ypsilon,2018,E7WTPA8T3AWSPL3Y9
538,817,Mercedes-Benz,Emgrand 7,2011,AXLABE777RCHZ4RSY
539,29,HSV,TLX,2003,KTVRW1GX3LE8D5CK4
540,138,Pontiac,Continental GT,1973,Y0ZDH1KS687U00Y6N
541,331,Opel,Enclave,2023,5ZH1TBYF6JYRZES65
542,680,Ram,Continental GT,2015,FSVV0M7FXPN9N87GL
543,151,Geely,1500,2006,V3RTBJ7B509N18WPC
544,117,Alfa Romeo,Corolla,1991,XMZBR3B960D9056G8
545,524,Hyundai,Maloo,2005,5EG3PRL73MZ8TB8WS
546,266,Porsche,F-PACE,1970,BJAC0YXE6SVWHRTYD
547,693,Tesla,Astra,2022,THPX2CWE10W2JVPY8
548,941,Changan,Huracán,2019,R3G14U0W20MREYAD0
549,954,Nissan,XUV500,2003,U02Y947D5ZG0XJ06J
550,999,Bentley,Rexton,1994,F73WDJT74DXJ3HF6Y
551,330,Toyota,Huayra,1984,FTJW33543EVKHB2TH
552,581,Audi,Qin,1997,2MCWC9J90YG1DJNLJ
553,642,Cadillac,Q50,1991,EX79U2UA1MMMJ2CBR
554,436,Opel,Altima,2018,41P2C54415742TR9F
555,712,Volvo,Camaro,1980,2KD17VNZ2K14AUWN0
556,247,Great Wall,G70,2019,K2NSGJVAXA5PZM3TB
557,511,Tata,Mazda3,1970,2MVE2NUN6HCGXHAK9
558,481,GMC,Forte,1996,LXNZU4211LZP33MF7
559,928,Ford,9-3,1976,WULYDBPF840VYJA9U
560,616,Peugeot,TLX,1982,YU0V9C6Z0ACNP3P7J
561,550,Lotus,Q50,2009,4ZEU0BXN0C50912VV
562,57,Peugeot,Lancer,2005,L632Z3969YFDR2DTC
563,901,Pagani,Mustang,2015,YRH0NKC97VAVT6RJD
564,833,Volvo,Navigator,1995,E800L2XY9HXGXZTFA
565,624,Buick,Ibiza,2002,MVK1T9RK6LUB6BYC2
566,73,Mitsubishi,Elantra,1999,AJAZXND71ATKUVXEY
567,767,Tata,Clio,1983,UFFUZ0GM5UM7EUGVB
568,928,Land Rover,H6,2017,8ZYUD3C17JESR6D4X
569,990,Lamborghini,DB11,2013,1VJZU7ZZXSHG942C0
570,127,Tesla,Mazda3,2021,4NCSLZ1RXE1H7CGMZ
571,371,Honda,C-Class,2006,WCSGV1HU9YTMH0UUE
572,627,Genesis,Navigator,1980,8NCGMKDR6558U720E
573,738,Volvo,TLX,2015,USCGPF50X70XWD77W
574,10,Geely,Escalade,2004,U8CJFRU83Z7PS2S6P
575,914,Koenigsegg,3 Series,1994,R2G100TW8P0GL3L9N
576,849,Lotus,Firebird,1975,NSEKHPE7X6DSPCF58
577,911,Mercedes-Benz,DB11,1981,ZBK21DDY4MPLLNYSH
578,450,Lancia,Elantra,1979,Y230LG4323MJ2EMGP
579,352,Jeep,Navigator,2020,EBGLJSF14750L2S18
580,372,Porsche,Octavia,2023,1V9LAGXB3BD8RVMXC
581,835,Peugeot,Phantom,2004,RE468Z4S8ZCC4MPAE
582,999,Lamborghini,911,2020,B9FXGRUF9EETYGNAU
583,785,GMC,Vue,1978,40HC1T3C0PKSPK9N6
584,524,Infiniti,Levante,2020,6KWCM35H425UUZ63L
585,484,Koenigsegg,Lanos,1990,3U3DGFDE2TKLPP6Y2
586,145,Opel,C-Class,1994,ZBCKE9GV8833DKXXF
587,641,Ferrari,1500,1976,F5EUPSKT1621TT612
588,838,Volvo,Ypsilon,1992,UAEBRLB99YN5CRCFJ
589,296,Lamborghini,Vue,1985,S8BXM26T6SBVE69VC
590,794,Daihatsu,Levante,2022,XDF1CGMB77X40T02H
591,574,Oldsmobile,9-3,1983,07MWT7ALXSE8AGHK6
592,526,Alfa Romeo,Rexton,1977,EYX5K2W37LVH8HYUC
593,537,Genesis,Escalade,1998,3G9PRTDZ6LWN008HD
594,613,Saab,Altima,1983,CF15LUCY9HX0NEPDD
595,594,Chrysler,720S,1993,HGWDY7GV0FYLUC20F
596,583,Bugatti,Mazda3,1996,EDG3CXVF7CJW3KZVD
597,84,Pontiac,Qin,1994,PARRXLD80EL03CB0V
598,289,Subaru,Forte,1982,KSYYH3T63S3DWGD03
599,105,Citroën,Impreza,1977,NPXP2SYF4DRAE4XTM
600,220,Audi,Firebird,1970,CMZBA6Z33SRXRWJ52
601,73,Lancia,Huracán,1998,7GCJCW6G0KUA7LT3V
602,670,Lexus,Astra,1979,WFLAD2EX0ENSXJKXT
603,613,Mercedes-Benz,Huracán,1993,K28XGN159X8X700RR
604,512,Honda,9-3,1984,9SK6HW8T2XJWRWH00
605,704,Infiniti,Continental GT,2018,YTELCSNFXEJBKNGGJ
606,748,Aston Martin,Nexon,1993,VADJ4F1U67280974D
607,583,Acura,Wrangler,2012,GVLPNTAG88S5X1GVW
608,529,Audi,Range Rover,1975,6D9A5PEFXCDD8KPN8
609,114,Hummer,Astra,2019,B1Y55NPZ9CBX4EXLG
610,603,Holden,Lancer,2005,HVLLY6CN17L5BJBWH
611,768,Chrysler,Lancer,1989,9YU1ACWD15N1TVM77
612,654,BYD,Duster,1994,FPXYACDJ33H4P30DF
613,307,Ford,Elantra,1986,3PVAXMPW4C5EK5JF3
614,394,SsangYong,Astra,2017,1A2EWJB99UDA2UMNL
615,699,Subaru,XC60,1975,5Y4K1HSSX72SN3RE1
616,504,Aston Martin,C-Class,2023,WFWPRZLK2XADS7ADM
617,39,Genesis,Continental GT,2008,J6NMJTBV389EYX8TT
618,894,Changan,Golf,1973,7LRW16TJ1LNGGJM04
619,675,Chrysler,H6,2023,LRPJG27H8VFVW2E6Z
620,320,Rolls-Royce,Regera,2007,FLLRCPK62LJ52VVYR
621,129,Ram,488 GTB,1982,7G5707Y369TUZ9GZV
622,658,Lexus,300,1974,G7SUVGG3X9NNY1V0E
623,354,HSV,Copen,1986,ZE0NG66F3WB30LEST
624,94,Isuzu,9-3,1984,E7GUAPZ84H9WZ7S0D
625,34,SsangYong,Vue,1987,CHEBB1KH00SPXWTEC
626,879,Oldsmobile,Range Rover,1992,6Z68U17UXYVEKKCPN
627,335,SsangYong,Giulia,1990,6B708Z4E7MJDXLXNN
628,184,BYD,488 GTB,2014,4SGUZKCS7RDR2GB5G
629,388,Opel,Cutlass,2009,VYFAA1EH08JWXT3FU
630,974,Hyundai,1500,1974,UYPZWSJC8G9TWCDW7
631,66,Pontiac,TLX,1981,281FX37J9Z59KALWY
632,981,Chrysler,F-PACE,1998,SNCM46GP8CFD1SSZ5
633,285,Fiat,Copen,2017,AHJ8PU2A24VV3LBJA
634,56,Bentley,Forte,2004,LCUHV1DX4NKBDAUM7
635,849,Changan,Continental GT,2023,CP252R5K7KH2JV4NS
636,955,Lotus,Golf,1993,8CUAA3VH95XKKATUE
637,861,Bentley,ZS,1992,5Z1JEBN596NU7B0UM
638,138,Skoda,Octavia,1992,0433A8FA8AKVY76MK
639,780,Infiniti,Duster,2014,U83C4PU71J9GG1BKP
640,271,Bentley,Forte,1987,WVS1AUKT69YWVJKLA
641,920,BMW,Duster,2023,HBH3RG9H76KBVJHA4
642,457,Cadillac,XC60,1987,R37DUETC4UBVNNT0A
643,824,Saab,Swift,1975,X7M8R5Y3XV90NW9AW
644,692,Jaguar,XUV500,1990,WB3UVV4D76ZFW3F53
645,933,Lotus,F-PACE,1975,GK54SZ3AXA6BA7KY7
646,283,Suzuki,Clio,1982,B4453ZKY6G014MBZS
647,179,Infiniti,Camaro,2006,YLF6GG0D05AE1PJWY
648,118,Plymouth,Enclave,1980,9GURC7RD7YAL0Y67J
649,596,Koenigsegg,Nexon,2017,DJUR41NE41YDT70GY
650,293,Koenigsegg,Wrangler,1972,PEFRSUEP2DBL8ZYNW
651,413,Jaguar,XUV500,2002,90KKEKDE7HE92UL8B
652,835,Bugatti,500,2022,B0HFM5AN2ZF03FRBA
653,41,Chrysler,Cutlass,1980,B57UXC7K5815W4J4M
654,980,Holden,tC,2022,BED5HN000MH9TN4T9
655,259,Pontiac,Corolla,1993,5GNMTJK391TDXYKWB
656,354,SEAT,Forte,1995,7RFUT6555T18DA73W
657,518,Nissan,Wrangler,1978,1ERBVKJU825L3538H
658,547,Mitsubishi,Ibiza,2010,J3224N272PJJ8DPXX
659,213,MG,D-Max,2022,D1FDRKLJXP16SARHM
660,827,Great Wall,Cutlass,2009,TTN9P65E0NK3GU7A3
661,849,Rolls-Royce,Forte,2011,JYBL2P3Y1BL6YK94W
662,690,Toyota,Giulia,2023,B9EWUYXD3LHGMS7BA
663,954,Buick,Q50,2002,YSCBHLP06U78TCD28
664,392,Mini,Lancer,2000,37NSLUU657STYHV6P
665,838,Land Rover,Lanos,1971,NLH3MLLS2A79EKTHM
666,351,Bentley,Maloo,1972,ZG8JW8K05UDX07LN9
667,691,Genesis,Impreza,1993,JK7BSBAF05D5EGA3W
668,145,Subaru,tC,1988,P8RE13JC45R3R2423
669,31,Ford,Swift,1997,BP1DB2070F8EG3CNT
670,689,Bugatti,Phantom,1973,9KLAUPM97XMA5L913
671,981,Scion,Enclave,1987,WSKCZ3ZR3RE7HC8GP
672,254,Ferrari,Lanos,1995,WC5SZR600S45D39LN
673,676,Kia,Civic,1970,2E4E858P6EBE8WH91
674,199,GMC,Cutlass,2018,TZHGS6A6XKR4H00CT
675,749,Alfa Romeo,Astra,1997,6E955SUM4HEGZ1G6D
676,224,Kia,Altima,1976,A5HWJHZC9GRVWXYLX
677,522,Lancia,500,1970,XGVCHMNNXYRLXZXE0
678,758,Hyundai,Range Rover,2000,Y3A0M82V937UDS8CW
679,409,Chevrolet,Impreza,1976,17K78SKD44A18NV3T
680,544,Volkswagen,720S,2020,KSMG39FB14A671HNJ
681,136,Lotus,Duster,1993,66RD8KNW4LLND4KP1
682,239,Chevrolet,Clio,2015,JTFJ5LZ1X8BAP3G7F
683,350,Tesla,3 Series,1982,J0UEH8AS1FRVWHLS9
684,881,Jaguar,C-Class,1994,W229WW051ULE9SALP
685,61,Koenigsegg,Evija,2022,ZN1WX4AK4ZH7VXGHY
686,119,Maserati,Altima,1981,HJWS3C931WC9YG48J
687,982,Acura,Sierra,1983,TYM34NV21MH1LZGKJ
688,881,SEAT,H2,1997,8YV648N1XJGN00ZWW
689,704,Chevrolet,Ibiza,2013,55TJ84P265W6KVHMN
690,7,Hummer,9-3,2015,87XVGUZT850XYNDWW
691,742,Buick,F-PACE,2016,5YJ1A18X1S11YXYYG
692,378,Citroën,720S,1981,6HU8GEXS96UA3GA5C
693,367,BMW,ES,2023,97H4VN59XV9HUV8H1
694,908,Audi,488 GTB,1970,M94UZCVE5XV0VRGV1
695,771,Great Wall,720S,2014,929MNZJ8549PV9HTK
696,883,Mahindra,720S,1996,WPD4AEP69TVTBSUVU
697,557,Scion,Clio,1987,M7GW5SX8X6JMSV4TP
698,282,HSV,Forte,2017,4FX0N07L5MTDEZTDW
699,435,Nissan,Emgrand 7,1983,3Z5ATST72M2M8FYLH
700,961,Lancia,tC,1994,3G0D5ZKG4JL7L81XV
701,886,SsangYong,Impreza,2000,GUXJA4138KF238HEZ
702,413,Dodge,Mazda3,2000,7YUMU4GP90X7L1JH7
703,765,Ram,720S,2002,073XR6Z27R1UU48M2
704,283,Porsche,Lanos,1970,TSDH75CJ2KA1Z1ZHU
705,291,Geely,Navigator,2005,01N65SF304KY7ZB10
706,902,Toyota,CS35,1974,F4Z7S9SM6TZPE314K
707,239,Pagani,Enclave,1991,ETXEKHLK6NLH9DAL2
708,690,Audi,Ypsilon,1996,ZXN40LDGXV11KZ1E6
709,219,Isuzu,Evija,1994,2SUC0DPJ43TKP0VX2
710,261,Saab,CS35,2019,DS6X72J87S2XD8C4V
711,796,Citroën,TLX,2004,10HL6YZ6XCTKP9VMX
712,512,Isuzu,Giulia,1985,BT03VUH17EYWG1W1A
713,58,Daewoo,Maloo,1991,NVUKF2JA9WTD6LBCG
714,239,Lamborghini,Astra,2020,VB2M1AW98NPMJZBAZ
715,691,Opel,Continental GT,1974,17YCYR9U9F1A77GYP
716,972,Lancia,Firebird,1996,6U56CTRD36GNAF7F6
717,541,Chrysler,911,2001,DC2V056A56DZ7WP3H
718,284,Bentley,Wrangler,1998,RK3KMYLU97CTLA9D2
719,337,Tesla,Civic,2022,REE5WGZ63DHT3BD3L
720,231,Lotus,Mustang,1974,TXH5LEUE8ETZSK5K2
721,11,Pontiac,911,1991,D194AXDL2SPP6ACSR
722,365,BYD,H6,2023,0UN3FXBE052UJFEBR
723,823,Pontiac,Swift,1979,L7J4CSPX4HL126H6S
724,520,SsangYong,A4,1973,SYWEAFFY4ZJFESRLX
725,858,Ford,Huracán,2007,GH20APE659HLY5U0S
726,640,Opel,Impreza,2004,CZ3TP8D11FHMXLW7X
727,111,Oldsmobile,tC,1988,XPEDZHK76R3KV4BC2
728,905,Koenigsegg,Range Rover,2011,PM9FBFU32WM18CFHL
729,85,Tesla,A4,1983,MLYE3WFS956B5RB4B
730,226,Smart,Forte,1980,LRLBVXMU12M49PLGK
731,396,Bugatti,Commodore,1992,EMNUBJ2G8A0E1040P
732,390,Opel,Range Rover,1994,501G24685K6KWL5KZ
733,158,Nissan,G70,2018,RYN54SEZ8RF5ASCYS
734,883,Hummer,Chiron,2002,KDBG4L782DDPYFN7R
735,206,Pontiac,Model 3,1978,PWSEX0WF03B7AKW4T
736,230,Ferrari,H6,2001,3CE57FKC3XAC10823
737,836,Audi,C-Class,1974,047PNV2D78U2991XV
738,893,Lamborghini,Levante,1991,DWFXEHD226SBZZDGY
739,679,Nissan,Maloo,1993,9G5PF6MB4PCYVAKJN
740,131,Daewoo,Navigator,1971,25FPJ5XN0ATNH07CH
741,714,Opel,Corolla,2015,5YBUZXDG44UDEX9NJ
742,126,Peugeot,tC,1973,C58UY7L99T4TXRF50
743,92,Saturn,H2,1991,3CZAJ77H0ZD3CRT6F
744,671,Holden,Navigator,2011,NUB5HSJF2JB0DS5P8
745,96,Renault,TLX,2010,U4A1A53L19VJYHKUA
746,283,Volvo,Firebird,2021,ED1SCGE50ZMV986T5
747,871,Daihatsu,Qin,2017,NLAXNVSX8RKZPX1ML
748,789,Plymouth,Corolla,1992,K20VYABT4N38GGLKW
749,65,Ram,ZS,1995,JG8ZHPE817V84EW50
750,982,Holden,Ibiza,1996,FLC65REY2369JTJHF
751,483,Volvo,Continental GT,1995,SMSXZ21323KMZU12W
752,70,Isuzu,Huracán,2018,TZSLYSH03E4NA8DC2
753,941,Suzuki,Copen,1980,6GSRY1D09SR04PWLS
754,915,Acura,ForTwo,1999,MSXB59B74MV8LK4YP
755,335,Smart,Mustang,2014,2NJ102D65MUZN5B2N
756,411,Jaguar,D-Max,2004,J1MU1CL4XNT7WCG6Z
757,809,Koenigsegg,C4,1978,EB7C7MU71Z429VN18
758,739,Smart,9-3,1996,9R09GGFK36VEZKMYK
759,832,Tata,F-PACE,2013,S9999BXF8G4CUB758
760,772,Rolls-Royce,9-3,1976,6SKFUNXD4A8610RR8
761,521,Renault,C-Class,2013,YWUFS05G3K5VNKW2V
762,437,Fiat,G70,2008,F3785CWT303KWX98M
763,210,Geely,488 GTB,1991,HNXMN1G98012F7L45
764,600,Peugeot,Challenger,1996,18GKFWHX4Z07L5LDP
765,868,Lexus,Clio,2009,CN0WMZFV6V8VX8JGF
766,428,Jeep,208,2009,V17THS0M8X2F4M564
767,793,Volkswagen,Escalade,2020,1P5ZARW25NYBUGKH7
768,442,Maserati,Altima,1990,VH2CGPAX5WFJGWVTJ
769,44,Renault,Duster,2012,6DSE2S539CSVL1KY3
770,205,BMW,DB11,1973,MLVP4JYT4VJ5H97KJ
771,890,Saab,Evija,2011,S09GJCB66BJ8TJBD9
772,454,Daihatsu,Swift,1977,NLL6Z4LW41BGTUHA4
773,763,Buick,Copen,2014,VM0P0M7D6GPF2G9CA
774,411,Land Rover,Copen,2010,F2VYMGK0947UBE33V
775,886,HSV,9-3,2012,30DPS5S64UKDXL8PZ
776,619,Skoda,Barracuda,2007,U4GLYHU89K21S9NAW
777,705,Lamborghini,Phantom,1990,LA4GHDTZ65MX117DT
778,478,Opel,Levante,1981,6082H9789KGZY321W
779,976,Land Rover,Elantra,2010,AWCSDFGD8MK481910
780,625,Volvo,Lancer,2002,GAWWG1KY63Y9JJ6CK
781,996,Geely,300,1981,SS3FXD0S4ZYY3JY9F
782,916,Porsche,Qin,2013,DCPXCC3D1L6DHG3DF
783,512,Geely,Escalade,1984,2U23T7F2409LEPJGS
784,748,Hyundai,Model 3,1970,GN5K9WYN1DY7YKSN2
785,144,Changan,Mustang,1998,RX4D505S1M9PHHMUD
786,902,Tata,Range Rover,1993,J23SYK0X3ATUBE1PU
787,629,Chevrolet,Wrangler,1982,Y10RT8K67EG25W7B0
788,984,Daihatsu,1500,1989,HVT6EYED4VY303UZ2
789,122,Daihatsu,3 Series,2021,W03YCW2W6MEDVVLEH
790,880,Mazda,488 GTB,2014,J0R496P812E355J1K
791,918,Plymouth,F-PACE,2005,6MA8BGZK53ZTPWEWK
792,94,Infiniti,Camaro,1981,HX79WJWAX91E1VRYU
793,992,Land Rover,Q50,1972,L7SSAL3SXYEV07DRX
794,176,Mini,TLX,1971,JYHSEYWJ1S8F771ZV
795,945,Chevrolet,Duster,2019,CR7U5NTU0G3M14FZZ
796,744,Scion,Swift,1973,9PVYSLAU0DYEH76HW
797,883,SsangYong,ForTwo,2018,V35ZUS0G6TTGMES5J
798,110,BMW,ZS,2016,JY4AY9NUX5KM4BXB7
799,360,Renault,208,1973,LRK376XH3NN09U21M
800,934,Subaru,Phantom,1987,EWJ7EUBP4BEWPWG6M
801,496,Pontiac,D-Max,1976,0N61EGT11VCY94P0B
802,555,Saturn,Qin,1997,HPFURSG43TVMHEJHB
803,682,Maserati,Octavia,2005,HH87VX3C7M1KLLLBX
804,208,Pagani,Q50,2004,PGG89VTL1K57V20ZB
805,924,BMW,Forte,1999,7ELWD73Y9FJKBPTHL
806,54,Ram,911,1982,5RNWHKVG3XVPHW4PY
807,847,Bentley,488 GTB,1987,WC2XJV340W45S7RB8
808,843,Rolls-Royce,Levante,1975,MDT0F8TDXJNVHCPV0
809,520,Pagani,1500,1980,SB3YU3V837E5VGADE
810,828,Pagani,Navigator,1982,4WVUDUDR6PJ5PKKZX
811,392,Holden,Cooper,2009,61DKNYJ985K844611
812,505,Bentley,Lanos,1974,7DL6ZP955PTRZPPVY
813,471,Saturn,TLX,2008,FA5RSZHT57T512NLW
814,158,Rolls-Royce,Chiron,2020,6BVRLJP84E0UXU1GY
815,401,Toyota,tC,2004,9AUFEZSP078EB8YV1
816,132,Bentley,Enclave,1981,HJ0RL95P40C8WVK5F
817,92,Bugatti,720S,1972,35SZTASL6GHS3U1NL
818,416,Daihatsu,DB11,1986,PYFUEUP71M9JTA59H
819,223,Hummer,Levante,2007,PGSZ2TH58R61TGMHZ
820,926,Lotus,C-Class,1991,3G0J63XR0E5LHWLH8
821,886,Volvo,Levante,1978,G7RCWGU465P4G3B5X
822,808,Oldsmobile,Continental GT,1994,EYF014DG312JJY39F
823,23,Daihatsu,Corolla,1989,HBSBML330D26WBR8J
824,309,GMC,Navigator,1975,1VEGDVV57VSMRZD28
825,681,Fiat,Sierra,1976,VZ75HP8K467458RPU
826,895,Jaguar,9-3,1992,L87DB28J9T6TTUU4L
827,633,Volvo,Impreza,1990,D8FTPWV01ZFD8X499
828,530,Rolls-Royce,Mustang,1994,03WNRVGS7BYRA50SN
829,426,Lincoln,500,2011,1BDCV84F4WB4MDRE6
830,211,Infiniti,Maloo,1976,DMMWBYWD8C5ZD1S96
831,728,Infiniti,A4,1980,9GW3KTRC70YYKV38L
832,781,Pagani,XC60,2007,KT8D2JV95JKW600MK
833,325,Suzuki,D-Max,1984,1EUJDCUK5JHGYRWE0
834,717,Dodge,9-3,1981,CA9WTH0M87L4MMY4N
835,279,Saturn,Firebird,1982,NH29LRJR8FF1CW9ZV
836,472,Kia,Maloo,2005,16PW01NF3YEPFJ550
837,571,Saab,C-Class,1987,GWFWPRHZ6T1WPM2RA
838,611,Koenigsegg,Cutlass,1975,CFENEGC57VML0B1P4
839,214,Hyundai,500,1992,52N6084E0W09ES0BK
840,563,Ford,500,1972,2H88LTCX5XDRGXMMA
841,134,Isuzu,911,2014,1W7JLHNT9529MUXF9
842,879,Tata,Huayra,2008,9WRZ4FSJ5CL12UENS
843,630,Lexus,Corolla,1972,1F1W7D8L6A8RCZEUE
844,261,Nissan,500,1999,TU5X9YZ224V01GGVW
845,331,Acura,XC60,2006,MRU350JK2PUUH3SJP
846,844,Genesis,Navigator,2013,RWHFUJN68MBGNC0J9
847,832,Saturn,TLX,2006,TLGXNL2P22ASC3S6M
848,498,Dodge,Mustang,2013,GG218WXF5V8SP7CMD
849,154,Dacia,Vue,2010,70J1D72Y5MZ36GP2W
850,788,Chrysler,Civic,2019,4M3AUDWV7H97WX1U8
851,798,Smart,Continental GT,1970,606TK4KX1G9V5AZK6
852,740,Pontiac,Wrangler,1987,WCEMS2D40D2P4RLXF
853,150,Mitsubishi,Rexton,1979,AKNVLSU90RDL17RKM
854,213,Scion,300,2002,GSY8FR7M0F3UBWVRS
855,434,Smart,ES,1990,ULLWWPXU44MA9FR42
856,908,Isuzu,Mazda3,2008,4R77H9WX4AKPEPY64
857,145,Hummer,Huayra,1999,5LDNLMDK8WWZS0M73
858,95,Mitsubishi,Qin,2009,C4KNAAZ5071H9TX9P
859,644,MG,TLX,1986,8WLHW5YK7VH51KBDL
860,650,Alfa Romeo,F-PACE,2003,K6PM8XAJ50F785AMU
861,996,Peugeot,CS35,1988,L8CEVPR19EPVJA952
862,659,Cadillac,Escalade,2023,7XG36NTK9HS1SAKKD
863,105,SsangYong,Impreza,1970,4311LUG90242BGN43
864,211,SEAT,Continental GT,1984,2JMYDVND0YBA23EC0
865,676,Opel,C-Class,1994,PA3NF9A09VW748348
866,916,Infiniti,Continental GT,2022,BLS5L89B28B11PUJ9
867,833,Hummer,Escalade,2019,WAWNKF9N0CBMTWLEZ
868,569,MG,XUV500,1997,XA7DR7UV5ABUC2G2A
869,965,Chevrolet,Navigator,2006,J8ZZMW6Z95GZ7K77T
870,899,Opel,H6,2012,UALJC5897G263RYHW
871,90,Toyota,Chiron,1999,D7DKZYCU3DSF7CMKY
872,515,Toyota,Challenger,1996,2F8MH2LA4V6WBF7J6
873,453,BMW,Ypsilon,2005,UZU75FGF5RW1W1YNV
874,387,Volkswagen,Ypsilon,2012,ESHVR1TK8CFTLHGVB
875,518,Hummer,Impreza,1997,GWGL8E2W7M539P0HK
876,382,Changan,Octavia,1979,W5F1Z3Y227NZABN94
877,30,Oldsmobile,300,1993,R2SYGXS48ZTXYL83P
878,189,Subaru,Rexton,2003,3VMXP3H46XKUM088S
879,749,Mahindra,C-Class,2012,TUZWN1YN7BR9YZ7YW
880,446,Tata,Qin,2002,5NX52M7S8UG0B8ERC
881,452,Mahindra,1500,2011,LSWBZ8GXXJB7CWMK6
882,197,Tesla,Navigator,1979,F3Y9BPXK70Z7K3FCM
883,476,Volvo,488 GTB,1990,99P80XJN0HUBNRJ8T
884,185,Pontiac,Commodore,1983,W4Z7KUXA4F0M5WKZX
885,984,Jaguar,9-3,1977,YPPTX6DT1SB2WK5AS
886,446,Dacia,ForTwo,1979,A28LNGUY3D0RU5D3F
887,934,Lincoln,Escalade,2005,ACFS5LLE72YCE6H1F
888,988,Lexus,720S,1998,D6K8JNV962H46DE33
889,363,Plymouth,Lanos,2013,LJP7FZKM6F9H5PNRB
890,113,Jaguar,Mazda3,2002,URK12TDH880LSR8AJ
891,598,Subaru,3 Series,1991,59RPH35Z5GKCT6F0L
892,277,Mazda,Levante,1975,WHRN1WRE6HLBAWHD8
893,983,Lancia,ES,1974,JWWAYBKH05SSU6T7V
894,38,Citroën,Forte,2007,8E36B1EH3BUGLPA3M
895,964,Ford,XC60,1974,ZG00A8NE55PMZSJH2
896,171,Saturn,Vue,2015,A0WZNZFX56MVXPRWD
897,78,Smart,ES,2018,BJ76AK1X4FYLPF3KY
898,960,Oldsmobile,3 Series,2021,7YNN1ALM4UXKHTG90
899,528,Honda,Nexon,1995,1D6G23XP4FTLW9GLM
900,449,Rolls-Royce,CS35,1975,H2RS08YW6E4GW9RE6
901,913,Jeep,Astra,2009,ETDE36N013KGSPBN4
902,233,GMC,Ibiza,2009,HRUZBCMY9KY4RWN9L
903,746,Ferrari,208,2002,RJTKC0PF7H8XN8USE
904,892,Nissan,Regera,1994,JMRL7C861A57C0SR3
905,569,Daewoo,Qin,1998,L4PZZEBM4NTH2P5XM
906,339,SsangYong,Vue,2021,W48FD8AM33EZ4GWM2
907,183,Acura,Mazda3,1986,G3FDFXP46L3NF91TF
908,325,Tesla,Enclave,2010,2MVGG7UC0F0HLGXJ3
909,893,MG,Forte,2000,LZLC6CHZ8S1A1F48X
910,729,Bugatti,500,1996,Z8J7SGB0XHWGUKUPU
911,119,Mercedes-Benz,500,1984,LSHX2ZZX4SZ6U5987
912,810,Volkswagen,Altima,2019,SMTFPP5Z2F514NBWX
913,464,Pagani,Huracán,1981,KXNM9G1W0L0N4FHUJ
914,810,Volkswagen,Clio,2022,6ADPU3FF86FCY0HXA
915,417,Volkswagen,A4,1995,1MJFBT9B1T3KH5CHM
916,53,Mercedes-Benz,A4,1993,STRUTAWT73B4L0D5Y
917,310,Kia,Copen,2020,4VG5HC9V1VVVZ9UZA
918,350,Daihatsu,Duster,1970,C3YANFWR6KKEC937E
919,246,Holden,Rexton,1976,07W21WYD7M7HW4HMB
920,948,Cadillac,Duster,2012,J8UAMFNL8D3JTR8NH
921,294,Ferrari,Q50,2008,ZKCG364R76RU49YPX
922,736,Chevrolet,Corolla,1976,5MJ6LE026HFSCG89Y
923,754,Ford,Cutlass,2003,WX1WAYW30XSADUX1N
924,891,Plymouth,TLX,2013,2UD7ZJBA2ZP4W90ZA
925,800,BYD,C-Class,2023,TT5GTHUP8VPF6EV3J
926,248,Bentley,Cooper,1976,1NRGSDJK8TKA42C2Z
927,367,Bugatti,1500,2017,EDB2K36P470PGHTJ1
928,738,SEAT,G70,2017,BMZH9UJ38NCPCW44P
929,836,Chevrolet,720S,2015,P84BBRB670G89RBCR
930,159,Acura,Evija,2016,CTSC919Y2AD7FZ90S
931,961,Rolls-Royce,G70,1995,Y537TBDF5HCKCJDHF
932,847,Land Rover,C4,1975,AHFM19PC8Z8PJV339
933,676,Saab,tC,1999,TXFF3FX507X160DMC
934,293,MG,Chiron,2004,EDZ2ZC1T484TK80U1
935,654,Plymouth,Golf,2022,CE0422PW2S6N5941G
936,948,Daihatsu,Clio,2002,5UGHRX6L4XU9G1X4Y
937,341,Isuzu,C4,2015,78J746UJ86J0YTK62
938,692,HSV,3 Series,1971,FJUP2WWL9WL1ZVWA5
939,445,Scion,XUV500,2022,7ZWGGFT8X24WLEFGP
940,104,Peugeot,Phantom,1973,4PSCAW9HXJH34CPL4
941,827,Changan,Model 3,2007,RFC6TEVK7UJFLHYEK
942,468,Audi,ES,1978,RHMK8CLY4RUXUKU5H
943,417,Cadillac,F-PACE,2004,KK0CRMN6XY2N1VF5T
944,949,Nissan,Huracán,2017,TB4LPZUV062UT1XLS
945,660,Mitsubishi,Escalade,1977,DR81MP544VEZD0ZSL
946,489,Volvo,300,2006,40HXF6DYXDKARAE3G
947,934,Acura,Impreza,1990,ABYHXMFX149D181ST
948,712,Fiat,F-PACE,1970,EK316CJ69EX6R3BUW
949,964,HSV,720S,1987,K4D6J26R2YB5RCALY
950,109,Hyundai,Chiron,2001,F7BJJLML3B70NUZAY
951,778,Volkswagen,Rexton,1975,Z3EYH8B351VN4CJ5L
952,986,Chrysler,Commodore,1972,4UDJA5DW9UK0TP9F2
953,194,Saab,3 Series,1980,WWKTJMDU2J6N4EUX3
954,126,Genesis,XUV500,1982,78H09T51X6EHH9CGK
955,276,Cadillac,Civic,2011,EBTGS12A0P6HUJ192
956,963,Infiniti,Regera,1990,338MTGJVX15J0T51B
957,596,Lexus,Elantra,2008,3U4SHR906GTHU50EE
958,842,Lincoln,Wrangler,1986,SL3TCDCY2CARL2XF1
959,13,Nissan,G70,2013,ZW1CDTA50ZB20ZGMV
960,597,Acura,ES,2005,MS6GDK52XYEUGF9P6
961,720,Ford,Vue,1983,2E17M2XE9AJ8UDKV5
962,455,Cadillac,Continental GT,1980,W4ST5N0831PEXFDR5
963,908,Opel,Golf,2017,HG6FRE0U86YEAF4DY
964,229,Cadillac,XC60,1971,65KADLRS3P1LEH4WR
965,200,Bugatti,XC60,2001,0LVRX4G33C4BBRGV1
966,105,Opel,Ypsilon,1973,N9Y8LX7U10H07JDPK
967,765,Oldsmobile,Commodore,2010,HLTUEVUG6P8XVY4L8
968,640,Dacia,Model 3,2016,CY98BF498Y21BSNY0
969,223,Opel,Chiron,1994,HH62YCWB62Y4C19N6
970,775,Rolls-Royce,Impreza,2004,XPS14YCN49MRUCKTH
971,466,Lotus,Q50,1985,Y5GMM1G15JAYVDG77
972,63,Lexus,C4,1979,EYTMUU8F773VEYHPD
973,186,Nissan,H2,2010,RUA35VHJ3ZJWDLPHT
974,674,Great Wall,Cooper,2009,D2U8RV7T69MCDMRK5
975,398,Lamborghini,D-Max,2009,VVFWSYC46XUGTPLR1
976,265,Chrysler,9-3,1980,CJPLXRZW61CN6KST3
977,258,Jaguar,Forte,2009,HN19UGSN2373RGNAR
978,391,GMC,tC,2016,PCJEEHLL707CLNPG1
979,498,Buick,Levante,2012,CBKA10M12U84819HX
980,596,Mini,ZS,1974,WLL19SJW07M97W28K
981,939,Buick,Lancer,1974,5Z9VEJTD9TT77PRZA
982,542,SEAT,Phantom,1979,UE6UU1J37JN9YLL6J
983,229,Lotus,Altima,1985,3ET8B79U858X4RFYJ
984,508,Volkswagen,Navigator,1992,X9ZLX4MS3U4HM24JE
985,758,Lancia,Challenger,2007,62DCKUHD8GUWTNL01
986,793,Jeep,Escalade,1992,XKC59PWZ2CTMTACFY
987,861,Jeep,C4,2021,A68PRBY322CK57AHT
988,226,Tesla,3 Series,2005,NVCG9LBC751XPB9D8
989,285,Geely,Forte,2003,D42HBD8RX7WGRFFRH
990,383,Volkswagen,Civic,2009,3YFURZ2K43VJRF8NY
991,317,Ram,A4,2021,E2YSJ32650CRC5NAS
992,601,BMW,Phantom,2013,DFNSVGVKXT0RNR76V
993,360,Dacia,Mustang,1974,AZ79JJWG0EYFCNXGH
994,126,Ford,DB11,1997,SFRPYFYPXYDSSUU99
995,952,Geely,Wrangler,2010,43S8E60N6Y0CXF2BD
996,829,Jaguar,Model 3,2018,78B9VUGU17RYVM17U
997,40,Buick,XUV500,2023,RSE99NZX7639824B7
998,562,Maserati,Sierra,1974,R4EXEACR6WXXC127C
999,548,Kia,1500,1980,0TZR6L219NFSDHEN5
1000,578,McLaren,720S,1979,5ULC0D4E6TMVJVV8R
