carid,clientid,mark,model,year,vin
1,672,Suzuki,Model 3,1981,MVYBCU597Z1XNU6T5
2,994,HSV,CS35,1975,JK210DPP0CDBCHPS4
3,258,Suzuki,Octavia,1997,UCELDY40XL49XSMXH
4,486,Hummer,Lanos,2005,KY62P9YR01FT296ZU
5,577,Geely,Escalade,1999,CUVZ3ENH8JYC49EHU
6,502,Oldsmobile,Escalade,1987,A33C6R928ZCGWHDX4
7,317,Suzuki,Wrangler,2005,FNZTTDEY1AE8TUKU6
8,544,MG,Barracuda,1978,ZHHRFAXW6FN2YXW3V
9,858,Peugeot,XC60,1986,J7N1PK7T119LBBKSW
10,629,Genesis,Cutlass,2011,5B8NS0AH000D2KGPG
11,952,Mazda,Forte,1973,F2WZGYEE2N9ZT260N
12,331,Volvo,Cooper,1981,H1W6H30D72GHGN63N
13,86,Dacia,Golf,2003,GEHFHT9P7UWKXV92U
14,604,Tata,Lanos,1994,S65TWVCS8XERRH6YY
15,819,Great Wall,Ibiza,1994,VZXK8K0Y9JKLWPPMD
16,94,Volkswagen,Golf,1987,XJPL7SJD9L6VEFM99
17,502,Skoda,208,1988,LJZA8CBC68LAYME01
18,903,Hummer,H2,2000,41A5Y9EV1KR3381ZU
19,606,Ram,Huayra,1973,GM8RG29G2GKKSP3XP
20,669,Geely,208,2005,9GXPZN2L02YAJNC7K
21,919,Lexus,Evija,2016,BM0P821V3NNZNA0J0
22,818,Ram,300,2018,K2V163KR76ZH6YBLA
23,735,Volkswagen,Challenger,2013,JFNPZAEP1VWZ8XGAP
24,182,Citroën,Astra,2012,YPK67WS67BSL49XWW
25,724,Lancia,Vue,2001,M74BPDVT5M8A108A7
26,479,Infiniti,488 GTB,1976,P8U12B2N8Y7XXYTKT
27,904,SEAT,Navigator,2011,ANUMGHVU4HS7AGXZ0
28,268,Chrysler,3 Series,1971,1Y8B96GH1JTH27XUC
29,761,Lincoln,Corolla,2010,W0FZ3ESE6MG3LAJBJ
30,99,MG,Evija,2007,TD1ZKC1N909ZD5JNM
31,349,Lincoln,Barracuda,1972,XXW1K0XK6WKUBUFCR
32,261,BYD,Clio,1985,LM25NV3S3CJ4V7G3Z
33,98,Ram,Barracuda,1983,471CKHG99JPNBG5L1
34,918,Peugeot,CS35,1995,NLSASZ0E6XNHM6971
35,319,Ferrari,A4,2018,G0P5D0MJ34F1TYZ6T
36,303,Rolls-Royce,Swift,1990,RYYTYRNH48T1X8CAG
37,107,Plymouth,Huracán,1998,UD3YSKUC7RKAUT1D4
38,843,Renault,Rexton,2022,B6TSU3TZ3M3DYTUBM
39,474,Chevrolet,XUV500,1978,0C84WPX93XMKUU7K9
40,484,Daewoo,Q50,1984,HBV4B3W58294GLRV2
41,101,SsangYong,9-3,1981,UEJM6MDG287GZY63D
42,1,Porsche,Escalade,1982,U24VZB8F737YVV9WM
43,926,Opel,Mazda3,1973,05TS7D1C7JWABJ26R
44,963,Acura,1500,2001,WGAKGSRR2CG1ULH8A
45,958,Chevrolet,Elantra,1997,YFW4TCBT7RPT1R3X5
46,980,SEAT,Nexon,1977,HXUS1FPE3NG97YA0B
47,221,Jeep,G70,1979,USL41C7T3NJ2ZXKH2
48,457,Maserati,Model 3,1970,NERF163L7RSR1CXSS
49,134,GMC,XC60,2020,4VET3CRY5GSUR6DRJ
50,777,BYD,G70,1987,ZJWV3A3W3LE406JJJ
51,605,Tata,Impreza,1988,0EFKWNJC04FFRP5DD
52,707,Mercedes-Benz,Copen,1983,CRENAF3E8WZA6BKY3
53,149,Lincoln,Continental GT,2020,D2CF8UM8X73R3CZ2N
54,41,Smart,Swift,2020,5XAKRG978AM4GY6YV
55,872,BYD,Firebird,2014,S3X7P8DK4FB88D6JR
56,560,Ram,ES,1976,CR76JVKM45894LC36
57,806,Daihatsu,300,2010,V976KCDT2ZR1F4ZTT
58,118,BMW,Phantom,1985,WLMFRHFC329BBP4XM
59,147,Ford,Escalade,2012,HTELZMC65PSBDF5F8
60,878,Suzuki,Astra,1990,AVVMU6C5XR5KN02LM
61,634,Changan,Vue,2020,B4Z5AUJKXZLS07SYB
62,588,Pontiac,Evija,1989,RAZRA92L8BV001SXG
63,190,Volkswagen,Corolla,1981,1AFZXCPZXX92J17TH
64,395,Volkswagen,Duster,1994,6GHE2N6V99RCZ79UK
65,495,Rolls-Royce,Model 3,2003,PHR0KHWT6G6JLFMX7
66,448,Nissan,Lanos,1991,UWKMXZ165XNDJYPL4
67,58,Infiniti,Rexton,1983,SR9L8K9K1UY5MESPS
68,974,Citroën,Corolla,1997,GNE8DFLX2UJKH4VHF
69,340,Maserati,Q50,2020,XLY6GU4K4MPNN871S
70,915,Lexus,Vue,1994,E4REXRRH7EWTG31HX
71,436,Bentley,208,2015,TNZPF1UF6XM3F9TG3
72,898,Renault,Huracán,1993,X809PHST33V7AUATW
73,442,Bugatti,ForTwo,1989,5WV489YA5VH4UYD6S
74,842,Nissan,Astra,1978,WK0D9NXN2GR7VJHTR
75,964,Jeep,Civic,1994,HPNL3NGR6DT1EMA2U
76,607,Ram,Astra,1986,EK19GAXF4EDWBDZPB
77,529,Great Wall,Chiron,1988,F3UKZ3CJ1GEHEKX65
78,56,Suzuki,tC,1970,UNMRYJYH1PB0FBCLL
79,678,Plymouth,Continental GT,2013,ZFGU8DCK7BBNVJEX6
80,305,Mercedes-Benz,Range Rover,1980,4E5ZWL2M3UX63E9MN
81,546,BMW,H2,2010,T0F89129XLKHRJ0T3
82,734,Mercedes-Benz,Lanos,2007,RS7ZNJXF9PCFAMLKT
83,131,Hummer,Levante,1973,RB9WR6RC8GNF8LEW9
84,769,Suzuki,Barracuda,2018,WGP92R68385H32ZWP
85,140,Cadillac,DB11,1983,2YW9DYUH5G0Y6BBGX
86,613,Maserati,Huayra,1981,PSHFKAT75N8C9ZPJH
87,644,Aston Martin,500,2016,CZ3ZJ5SB9EW0N9CG0
88,161,Smart,Firebird,1979,9JVURWDN2299X3XM3
89,333,Skoda,488 GTB,2014,JVWC73Y896GP1G1RA
90,283,Dodge,Emgrand 7,2019,LNM83FJE1JDG99TP7
91,577,Hummer,XC60,1996,SZG4GGF49782FFZ49
92,488,Ram,Impreza,1990,NW7HW7NA9PFBGK13M
93,189,Kia,Enclave,1987,XZ1Y31D582SWZ5ZES
94,457,Chrysler,XUV500,2013,PUJ9Y1LH3DTFFJCEL
95,401,Saab,Forte,1970,JDSBP1JSX3M177UTT
96,780,Smart,Emgrand 7,1996,C5HM18TE5WD5Z8PPG
97,294,Mini,C4,1996,R6XY5DBL4PTS3VJ6H
98,552,Mahindra,488 GTB,2010,CW6H09ZD860B8KVV8
99,182,Cadillac,Continental GT,1984,5JS2BNYP5WZXHF9NR
100,834,Hyundai,TLX,1994,KKP9CVGL9VGTMR8G3
101,922,Infiniti,H6,1973,00M90UPZ2X9HK993U
102,76,Bugatti,Elantra,1996,X9MRSKLK663RHTTJN
103,987,Mercedes-Benz,Golf,1986,C6LH0ZV481GTSFYR8
104,472,Saab,Camaro,1995,HPJKEGE77KLY9PBTB
105,499,Hummer,Mustang,1979,4AH06LZTXV2L27CL0
106,876,Lotus,Corolla,2007,TSYWCHRB4G4F645H3
107,181,Volkswagen,Lanos,1998,L82542UB063JJUNET
108,826,Smart,Astra,1982,HTM4J1UB56149A5F3
109,171,Mitsubishi,3 Series,2005,677M3B6369RGX1SU1
110,593,SsangYong,Elantra,1978,07S5VL4MXBU8X7JZZ
111,61,Subaru,1500,1998,VKGBRWH59CV5XKL9D
112,364,Hummer,Octavia,1993,044LVSWY7NB8DGVCJ
113,496,Porsche,Civic,1973,PHWZ9U4D02NS9FYYH
114,951,Hummer,Levante,2009,MZXSLKCX2DVZH5D5J
115,192,Scion,Altima,1976,HGD245KM5BABWZUNY
116,324,Tata,Lancer,2017,P7UH22UX294TB7434
117,173,Daihatsu,Altima,2010,V13Y3Z4U14KPXEH25
118,927,Dacia,Vue,1977,R25KMYUE29ECM8V7S
119,423,Kia,Swift,2000,K7H2WA6F3MCS40Y69
120,269,Audi,Camaro,1972,2CGTPUAV7XT4TXWCY
121,561,Geely,Cooper,1987,K17J4RCN0F2WT5ESJ
122,784,Tesla,488 GTB,1981,1ES0AZ1S32EYE79KK
123,490,Suzuki,Impreza,2021,GASZMKS58V6SUK63F
124,803,Suzuki,Sierra,2009,PBPW1K1H6H1RJ13XP
125,73,Great Wall,H6,2002,9PDYDGV48TXZB20F6
126,35,Land Rover,Swift,1993,UU4KFRLZ69BD2SWLP
127,325,Peugeot,Camaro,2022,PYTZ9FJ06A17PG6M7
128,734,Mini,1500,2000,MPLVTKV77RFDSU73E
129,881,Saab,Altima,1989,KKGYDEX97G2DT4P4S
130,646,Dodge,H2,1981,B7D38H717YZZ1A555
131,486,Volkswagen,Huayra,1997,3M4D473B9N46BZ4V3
132,929,Alfa Romeo,A4,1980,DZ6XSG0D7842KNJHR
133,84,Daihatsu,Nexon,1982,3JGN29VB442B4GUFF
134,339,Daihatsu,Escalade,1973,5NM98A8S01VP0EYD7
135,93,Nissan,CS35,1998,BXZAE3SZ4D3DCXNH6
136,567,Bugatti,911,1975,BN0F4T6Z8ZC2JLSDX
137,246,Audi,Levante,2001,M05MB0TM9CVG5YX6K
138,828,Lexus,Phantom,1989,7UZCAF8SXK99JJXN5
139,766,Dodge,300,1999,PXSD5F3F98JT087D8
140,559,Honda,XC60,2022,3797DDVV35HXTKW87
141,924,Ford,Duster,1970,X08PVEFRX4RC0HZMW
142,556,Fiat,Corolla,1994,C33CDVZAXG9KWVS1S
143,476,Audi,G70,2002,8MD59WPG73FC4ED09
144,365,Skoda,G70,1977,CWLCXU5M963FC2W4V
145,122,Alfa Romeo,C4,2017,5ZH93NGD749RXH6WR
146,901,Jeep,Forte,1977,P498P1927RNF40DV2
147,406,Tata,Continental GT,1978,CW1UR77461H1LDVJ7
148,730,Audi,Regera,2004,BHP4440P8WTELCBXD
149,808,Bentley,Evija,1989,UMYGKMBX18K5WNE62
150,986,Great Wall,Lancer,2002,8TLRLMK04NRUYPB5T
151,196,Bentley,Forte,1996,43GAENS4349C2KWL7
152,392,Skoda,Levante,2003,J5U09R4X0V1BR31L3
153,326,Ferrari,Corolla,1986,D8U9B0EB84CCT0LK2
154,328,Tata,Impreza,1990,WSUMSZ4K10XYTYRMV
155,591,Citroën,XC60,2003,TB3TM4M80MM9H6G11
156,17,Mini,Duster,2022,FD2ZHJ8WXYMAY58RR
157,606,Isuzu,Phantom,1977,TYY6RAKV212ZRU3JP
158,977,Peugeot,Duster,1992,W8A2F9J71T1DGMS2S
159,302,Daihatsu,D-Max,2008,SLJJ7JC264ZCFF3D6
160,882,Lexus,H2,2009,DWFHB2GG31P4Y8HN0
161,779,Holden,Enclave,2013,GECWR37GXL1JD0BFA
162,140,Koenigsegg,Regera,1993,Z5XNXA72XNLYF5E25
163,12,Scion,9-3,2019,SN3D9J3G7TFX0BSW3
164,104,Ram,tC,2010,PT44TEPG1A0P7XMVN
165,605,Audi,Ypsilon,1988,ZS9SBFJJ5T62EC7ZJ
166,636,Lincoln,Mazda3,2013,C2SVES5WXLAVPKS4H
167,394,Lamborghini,Firebird,2011,SRBD8K5C3H5TZS3ST
168,246,Chrysler,Commodore,2021,9ZMJBA5G4BBRNVKA2
169,460,Hummer,Duster,2021,BPB9SPY97K2KRUCED
170,15,Audi,Phantom,1987,WJD1RPE38E7CA0N7E
171,976,Ford,F-PACE,1977,Z9E9FMJB75RJD4E63
172,495,Changan,Forte,1999,RGVRBMKM386XPC2WM
173,763,Daihatsu,Rexton,2000,KAFAH1HK6CV50W8AW
174,981,BMW,Giulia,2008,7D3VVYDB6XPLP3MU0
175,539,Tata,Regera,2019,BLGFEE2K9YY38FLK3
176,410,Geely,Sierra,2014,T33LYLFH4B1NKTHJ0
177,338,Lancia,1500,1991,CHLMTP8Y50S6E9VK3
178,962,Pagani,Rexton,1989,KGXFCCTJ6UE3VABG6
179,41,Nissan,Corolla,2009,MWPJYNKR1V6Y5KMMT
180,283,Porsche,Chiron,2005,626UD0GG5V3CVAURK
181,201,Lotus,H6,1974,7U52F2N30ESPPY4NF
182,566,McLaren,Giulia,1996,M7SKH64H0GNWAW5GE
183,73,Lancia,720S,2012,MG3AEFBT88RW2MRHH
184,678,Saab,C-Class,1974,HLG28JBM8MBJS37DZ
185,266,Mazda,720S,1971,SK7T3Y85083FC7WUJ
186,949,Great Wall,Duster,1989,BSDCHHMG8GT3HM16P
187,834,Tata,G70,1986,0L4US97E5RHE9C7UP
188,633,Chevrolet,Lanos,1979,SKNVLCUC27WKX0LRK
189,359,Maserati,Maloo,1980,E9JLKE326ZKJBGM26
190,231,McLaren,Enclave,1994,4RVJ5HRP0PJUGV95H
191,882,Buick,H2,1983,J5YE4GVS2WGT5D6BS
192,66,BMW,C-Class,1988,P4PSUMS30S4PDRPBR
193,472,Saturn,Navigator,1993,DWCCVFMY5EEVMRYAV
194,525,Daihatsu,Cooper,2023,FTX1RFBD302MXBDKW
195,969,Pontiac,Duster,2005,A0JJEPMA6J51W2MBA
196,651,Saab,Enclave,1974,GRLCWWSW0JBA9ANB5
197,445,Honda,Giulia,1992,VCBE1B0J0RT1G7SDG
198,502,Jeep,Nexon,1983,7SHFM1Y3932HC11VZ
199,241,Acura,D-Max,1988,Z7RMAE3R26MWC9N1C
200,889,Land Rover,G70,2010,8N06W1U743VSXU2LT
201,965,Mini,Altima,1980,T4AV1G7K6ZKV72SJV
202,354,Mitsubishi,Sierra,2022,EJYJS9MP50FYNCYUL
203,476,Subaru,F-PACE,2022,W6PBFVP96WBNXU994
204,694,Dacia,Chiron,2012,F5X9H4T059FSMYEEY
205,16,MG,Maloo,1999,NE4FNDSH8PM5ASP9A
206,140,Smart,XC60,1996,MYK22RT67NA2LK7XK
207,169,Citroën,Cooper,2016,LZ795ABUXK9ZGEUS0
208,98,Pontiac,911,1973,83WEVLFS6YG5ZZAL4
209,83,Ford,Evija,2008,PUHLW51D0WJ44LU6Y
210,12,Suzuki,Ypsilon,2003,X1G1Y7WH52CVN2BC6
211,720,Jeep,Chiron,2020,U5LP2N7R93KUEU2VX
212,448,Daewoo,Duster,2015,CE5PDA8X4HNU2YDY8
213,279,Scion,TLX,1983,5PD3TJPK798P3RLB3
214,390,Pagani,Astra,2002,0UH8S8V3813WXUG1S
215,983,Genesis,Sierra,2016,HAAHWCSG5ZTAXAFAA
216,210,Audi,H6,1975,09DE1FGU36D4G6VD2
217,379,Mini,DB11,1978,FMBRG7WA6Y1CUVNNA
218,512,Ferrari,Huracán,2018,07R0S5GL3GG79AVJF
219,891,Chrysler,Q50,2005,E8DCZY6U7BZ72JT5C
220,434,Audi,Commodore,1982,EFVKE383391NG3UUK
221,186,Tesla,D-Max,1991,L4139YVC2TW6JKYX3
222,321,Ferrari,Chiron,2022,ZLCERFW67R2CLT6BB
223,580,Geely,Enclave,2011,G5KPEFGE89F9734BP
224,115,Tata,Vue,1999,TCJH5FA09G43DZK8J
225,702,Opel,Regera,2008,GYZ4FN2E7YUDP5Z0V
226,821,Suzuki,D-Max,1981,9HV4F7TZ95UFWSH1Z
227,435,Tesla,Challenger,2001,441HPPU83WAY26YF6
228,471,Lotus,Huracán,1999,40U7Z1UV8LYKUZ9T4
229,501,Renault,Copen,1997,PPVFHT3S502VEHAZT
230,226,Dacia,Altima,1988,ADAUYM3E1YV3184GD
231,283,Volkswagen,Emgrand 7,2019,W0Z9UY1ZXY3GPSVJT
232,214,Bugatti,Huayra,1981,2MB4S9G77DR0FTTAF
233,732,HSV,D-Max,1995,MAT24AVB3DBMHP828
234,160,Mercedes-Benz,Enclave,2014,H9VM15TZX3WZ7XYF7
235,74,Pontiac,1500,1981,H9ZYGCXF0K2JAB6HX
236,499,Fiat,Phantom,2013,2K35TJ6D237JA9A69
237,585,Geely,ZS,2022,SYNEEHAN9JSRJ75P6
238,627,Jaguar,Barracuda,1999,ZYDV0EYP4J711SWP0
239,89,Ford,Ypsilon,2019,VKYYX5HT9FGN6BC50
240,365,McLaren,ForTwo,2005,7J8U57LV32PZLJTA9
241,215,Volkswagen,A4,2014,5HC1KAGR1MCYMWKE7
242,66,SsangYong,300,1978,WH3UENRY6LUKYUNP0
243,96,Lincoln,Commodore,2000,3TY60GWN55NJ7G9Z9
244,86,Cadillac,Vue,2012,P7EKGW41954A03YJZ
245,585,Saturn,9-3,2014,J7FKA6FEX4GKYWU97
246,421,Oldsmobile,Barracuda,1974,F9P9GUPD8H5LG8T3M
247,713,Fiat,Regera,2012,PK3DW1UY7NGUJMCAN
248,855,Pagani,720S,2014,EFYGRJLX6K8ZX5Y8U
249,232,Lancia,Mustang,2006,0EC5E5658N0U3BBZY
250,519,Scion,Phantom,2016,4ME8N7XW2HLML028F
251,203,Mini,Ibiza,2010,Z7MGZ2AE7630E0BZM
252,616,Land Rover,F-PACE,2012,T3U4G0756TDRNV3W7
253,565,Mazda,Qin,2004,2R0F4A9407UR8FH4Z
254,535,Jeep,XUV500,1993,WCFVKLEK6GPWZ77JV
255,92,Dacia,XUV500,1976,MWWJEZP00P8RL4GFW
256,416,Smart,500,1982,81HWAVHG81GEZHKXB
257,54,Maserati,Q50,2016,A9SDRK974RFV1328H
258,934,Holden,Civic,1993,XE79C6PZ85EJTW93L
259,759,Subaru,ZS,2021,212FV54431V5Y4FWA
260,966,SEAT,Astra,2008,0GD6S5WH188G9U7UF
261,436,Ram,1500,2009,0GVTPZAH58J3H2UDY
262,103,Cadillac,Astra,1977,3ZN7G6KW04PUVSEMD
263,139,Holden,Civic,2000,3H392ZVW4RZ5S3LRU
264,416,Chevrolet,Phantom,2004,HG8J4YN63UPWA5HNE
265,799,Daewoo,Nexon,1995,56MCUVC1XVESTC1EE
266,426,Citroën,1500,1983,GP03VP3V180ZH3AAU
267,275,MG,Rexton,2001,DF79TANV6W0FG7EAG
268,32,MG,ZS,2000,2CVJ2KF671UU2JKT5
269,179,Oldsmobile,Sierra,1988,R7A92HNC0S48H9ES2
270,979,Skoda,Octavia,1992,W0BBYC8W3URH4EBMF
271,977,Acura,Corolla,2023,WVV0N0TL5XJWFZ1VM
272,140,Ford,Range Rover,1974,2Y8VFKT82K8PNPRJW
273,294,Honda,208,1999,ZU1WB9FY9KV0H02TM
274,557,Honda,Q50,1996,SXAWFDSH1RMJAMBVZ
275,184,Scion,ZS,1981,SWWHZ15P0YZN4REVX
276,225,Porsche,H2,2012,H1CDLL7S2RGMNAZN8
277,612,GMC,Navigator,1987,YKDYFK7B0FJKPJTU5
278,794,Mahindra,208,1973,8TT7Z5VF2PRHMZ28W
279,353,Hummer,ES,2011,PC2ELXHK6Y10F93R4
280,577,BMW,Q50,1982,G8R69XP19KFJZVWAB
281,974,Porsche,Copen,1978,L1LFTDY22GAES0173
282,142,McLaren,3 Series,1989,0NJRBVD33BAHE8YUF
283,823,Mahindra,D-Max,2005,GWV4YL83526N4ABUH
284,673,Tesla,Emgrand 7,1981,NJ5SW4VX8ESTKR1YF
285,460,Mercedes-Benz,G70,1972,SWYXM6SA6Z0LYAR4N
286,861,Saab,Mazda3,1976,YCABMAYS3YTEMC3FN
287,397,Saturn,Elantra,1985,0VV0DY9B72793L3FY
288,981,Rolls-Royce,500,2023,MNCMXD0CX5D5UWAYK
289,800,Plymouth,Altima,1999,UM3MLXXCXD7HDAZHY
290,712,Ferrari,CS35,2020,26XMTFVY3X4JDF8AF
291,588,Daihatsu,Swift,2013,BRPWX0UB7SN18UVWP
292,923,Changan,Q50,1999,RP8X0AKP5C4DSFK1J
293,743,Land Rover,Challenger,1982,FKJF1D970AAP9UF97
294,585,Mini,Huracán,2001,2UX2VAVV4Z72Z1AAS
295,958,Pontiac,Lanos,1987,K55C714VXDUAFV7JV
296,317,Alfa Romeo,Chiron,2004,R86K45UV7G8K71N75
297,178,SsangYong,Clio,1994,VZK7GGXN1K5NUX37B
298,809,Jeep,Mustang,2023,FRGZ505316476AX8V
299,202,Daewoo,G70,2003,FZLZZ0B8619SVDYU9
300,804,Infiniti,Golf,1996,VXZKB9F45JF95JCT9
301,377,Maserati,Q50,1974,K2T7NRX7X1EV3X2H6
302,150,Hummer,1500,2010,SHTXNDA77M80CGS0J
303,564,Pagani,Civic,2021,2YLJ50U21MJ3W6E50
304,134,Bentley,Qin,1999,AR78EK2W7SEBB4YW3
305,559,Volvo,Elantra,2019,FNSNUUKT89JC75FHD
306,817,Lotus,C-Class,2002,90E6W95B4AADTK7ZK
307,823,Suzuki,Clio,1995,B5BP9NFW8G0BY3VKL
308,911,Mazda,Impreza,1984,1YZ4S4M954HT3CJ4M
309,713,Ferrari,Nexon,1970,745GBW5J8WEFVTUW8
310,410,Cadillac,Mazda3,1976,E6MW6M431EE4HD8JK
311,709,Cadillac,Phantom,2000,MC4R7BDFX073YVT4M
312,510,Geely,tC,1970,XT5M0DL419LTUPB4R
313,903,Suzuki,Cooper,1996,TCF7RTJE30MS47A9C
314,407,Porsche,Range Rover,1992,10KTKWFM5CU8EH5HS
315,429,Pagani,Elantra,2000,PBMEV6JM2DTT5GMRN
316,13,Nissan,720S,1983,JZPTD3PR82KEP379N
317,69,Genesis,Enclave,1976,J3JCRRDD6LAM48RFH
318,391,Volkswagen,Commodore,1990,YRPWK95MXYZWUL78E
319,934,BYD,Enclave,2008,Z2V2GRGS60PZXX760
320,494,Isuzu,Nexon,1970,FUA9FG329VD4PKZ0X
321,290,Great Wall,Mustang,1987,963R4FX392Z4HRCGH
322,126,Volvo,Astra,1977,5ZP9U2M30826Y52N4
323,416,Volkswagen,Firebird,1975,TJYLWMZY4SCP2X41S
324,134,Tesla,488 GTB,2020,MK513ZU103PAFN3VX
325,990,SEAT,Phantom,1972,0HZ9TTX73HAM0F9VH
326,750,Isuzu,Qin,1982,TJKJZE2G25NVHF6P2
327,350,Jeep,Lancer,2003,UAG730BG2XLLLRBHB
328,186,Buick,XC60,2013,UKRSXGK47U5CF08RD
329,29,Acura,Wrangler,1985,T2TTXE3E5YM0M6UZD
330,292,Aston Martin,720S,1997,A0SH28MJXVZLLV4CA
331,915,Bugatti,Ibiza,2010,U1GDKTT839YRHZA45
332,305,Lincoln,Continental GT,1990,TLCK7GGL5LF1GL97T
333,101,Buick,Golf,1976,RYF80J2L6RXA57MGG
334,430,Holden,Range Rover,1983,MHYZ9T4X1BDPL17C0
335,966,Jaguar,Ibiza,1984,T6JMD6TKX2UCLC513
336,792,Hyundai,Altima,1993,TRGUYY3Y4MJPJSE3B
337,184,Bentley,ZS,2019,ZHFMUM0W4DPL8PA0Y
338,824,HSV,Camaro,2018,8FTAWGG38AYPLVNK3
339,642,Ferrari,208,1977,7S1J0YY601UJNZYEF
340,635,MG,Model 3,1991,0F2HVB4Y6BJY547U0
341,304,Suzuki,Camaro,1984,E5LC3E4K84GPRUN6V
342,588,Buick,Escalade,2015,BG97PT6L4VCZZZJAC
343,233,GMC,Huracán,2008,ERSZGG6R1M467LNV8
344,740,Opel,300,2001,Z4TNAHR27G1MY44SH
345,329,Volvo,Golf,1992,MZELYZ948F9XPNV5J
346,218,Bentley,Mazda3,2002,ZD74MK686WCD7X2C7
347,179,Bentley,Huayra,1998,KXD05LF43SF23EXKT
348,454,Lancia,500,2016,7C80HXSE5337UU6T7
349,815,Honda,Cutlass,1994,HTHK4PA6031AYYTYE
350,89,Porsche,Chiron,2019,ARZ2FUMLXHZHWXRPW
351,970,Cadillac,Cutlass,2023,M8XMABAY6EH7EVXDC
352,574,Lincoln,Emgrand 7,1979,5MX7KEFA8VBC0HP13
353,255,Nissan,F-PACE,2016,1DR9967F5X874BNXU
354,999,Dacia,Lancer,2020,NYDK27NX33VEGCM74
355,619,Changan,Huayra,1999,VYEKUG559BBBJBXBM
356,263,Ram,H2,1994,X71KAXXG9LLN7VE7X
357,807,Hyundai,Lancer,2007,KDC8NB949U1FV0M6X
358,970,Isuzu,Clio,2003,B18SCPMZX62LALGHU
359,535,Nissan,ZS,2022,CU2SLEZZX822RSFA2
360,276,Nissan,Golf,2006,GD3EE3G75A778UGWN
361,707,Isuzu,DB11,1982,WZ22VF5414W9U25WF
362,690,Chevrolet,Duster,2006,ACTFGRDR019B5NGET
363,616,Porsche,Challenger,1988,RZFLKJBX0L7TVJUGB
364,365,Mini,Octavia,2019,6YY8K85A3XBYVM52N
365,663,Honda,C4,2022,FZBAJ81N3CVD3X1ZW
366,452,Geely,Commodore,1988,V0FPHY526NTF7H9VY
367,131,Citroën,Chiron,1994,8R1ZY04R3HT6HKX6P
368,338,Lincoln,Q50,2007,2GL2EX0L5WZBTAELW
369,502,Lotus,DB11,1971,J8BRE8UJ9UAM46R73
370,603,Pagani,Sierra,1995,32398MM01178K3X46
371,756,Lancia,Evija,1988,LH6CJ7KV2DH1YJFA6
372,304,Nissan,Emgrand 7,1986,YGFHYGNN6NAD2W1A7
373,425,GMC,Giulia,1992,3HMF8846XW9UACE8T
374,346,Lincoln,Civic,2011,74WA5L5X4V0VYEC7A
375,51,Buick,H6,1996,UEK5S1XV2CACVC1F4
376,885,Lotus,488 GTB,2023,1DW6A6YZ1WH7M14JZ
377,599,Isuzu,G70,1993,L6WW8CHM7MW3N8ZE7
378,17,Mini,Octavia,1988,GVUPUSWU9HTSSRJY4
379,934,Dodge,Nexon,2006,SJAK6UYS8Z2FJD1GK
380,970,Saturn,Range Rover,1983,WBHBB1T742EC20TWT
381,620,Saturn,D-Max,2009,HUZS2C8T6Z8XVEHN4
382,433,Skoda,ForTwo,1974,P0D82LAX3EVPW92SY
383,731,Hyundai,Maloo,1972,ZTSYVHN78PHS7MVZT
384,329,Lexus,Golf,1976,YBTDHV3644HF8VLJZ
385,103,Toyota,Swift,2007,XRMSPS8U5D6SB7C8V
386,563,Infiniti,Firebird,1974,AH5H4Z6841D3ARL51
387,538,Skoda,Corolla,1991,YZ2H094P56SU33MY6
388,972,Toyota,Commodore,1984,FT57T4NH7FKH5Z948
389,689,Saab,720S,1977,MY3AXKS983F74GLEE
390,434,Chrysler,Levante,2018,LNJ1RU734K3643VGD
391,157,Ford,Impreza,1974,0CLX28UN18MGMEWJ2
392,318,Audi,H2,2004,4HUTNU850Y39687PD
393,529,Hummer,Enclave,2015,Z7MA39YR3VTCR4SMD
394,639,GMC,XC60,1993,PZAKPU6L6GHBW13RM
395,519,Oldsmobile,Commodore,1984,SWENPRY448M34D8L5
396,786,Mercedes-Benz,Ypsilon,1979,ZMD6JB5N9BP40W2EK
397,696,Opel,500,2018,N6Y82V4X28Y9DGNPK
398,62,Saab,ForTwo,2020,R15ZCK543AXKE382S
399,984,Cadillac,Giulia,1975,78DBDAJL36PFFE4CM
400,7,Ram,C4,1971,X88Y2WTKXLR8SEJKR
401,433,Ferrari,Cooper,2006,GPLWRE8A7SV428M8L
402,710,SEAT,Phantom,1980,FLRJK5FK77T5BFC6B
403,67,Renault,488 GTB,2016,E8WKC4UVXBHDJRZ1S
404,227,Plymouth,TLX,1986,S4JMBH3F69RV3RWU1
405,899,BMW,488 GTB,1983,XHTNL7RV22UDW6CB1
406,42,Citroën,208,1976,AAW77DZ94CWBS155G
407,745,Pagani,Q50,2002,MA9TALMX9G91L7R6W
408,722,Saturn,Clio,1980,2AUKGG400W5E1JKS9
409,716,Mahindra,C-Class,1970,LCWSL6LN1GSBUEDPD
410,983,Geely,Cooper,1982,JJ73711K48311M50Y
411,79,Geely,Octavia,2006,YWWMYCXE6VJ7ZYFEN
412,329,Dodge,C-Class,1993,2U8TCPWD2VRWJSST7
413,60,Honda,H2,1986,ADUPVWCU3R4MFNTDY
414,251,Dacia,Lanos,1991,RC3F0PWN5T67P7J3Z
415,394,Lincoln,300,1994,MB20RCDX7BC99V218
416,90,Oldsmobile,Ibiza,1976,5XSB4LUS7SRD2RNGF
417,868,Aston Martin,Emgrand 7,2000,5K0MZPVH8VCFEPZPH
418,360,BYD,Mazda3,2012,AAYMRK9958DV4FHG5
419,763,Aston Martin,Cooper,2015,DYCCP70W8LB0ZEUGK
420,23,Infiniti,ES,2001,V5PSM5BM0CJUFYXC9
421,85,Mercedes-Benz,Astra,1970,LHNET5NWXY0AKUR4B
422,920,Infiniti,Range Rover,1996,C9Z59ARU4K1KY31YC
423,606,Kia,Chiron,1977,TYMDKPVY2SFPZ611K
424,893,Oldsmobile,Civic,2001,GH0W1TAT2Y7X1BHRG
425,653,Honda,Emgrand 7,2023,GBG5D7D37BLCE8LT2
426,117,Lotus,G70,2020,0PLV5SG99B35M1NGG
427,297,Hyundai,F-PACE,1980,AR0BKSWW5PP7PATN7
428,381,Mahindra,Ibiza,1975,V1E010BZ7CJA2A4TW
429,29,Dacia,TLX,1993,0U85Y3G42E7X4MN8D
430,351,Peugeot,Chiron,1996,7CRWY59UXFTLV5KU5
431,728,Holden,Enclave,2002,VATS8WN99ERPEW55R
432,644,HSV,Emgrand 7,1990,UHZ86DGY89XJA2C5K
433,656,Pontiac,Altima,1995,22S82M306ZN2U9GYH
434,128,Rolls-Royce,Levante,2023,417WHC83851FXP8R4
435,553,Tesla,DB11,1983,WDEF3YNS8A0RXYEN1
436,672,Great Wall,H6,1989,BUKZ3H7R17NGRPCKR
437,2,Mazda,Altima,1997,WV9ZJ0Y606WAVGPPE
438,155,Maserati,Octavia,2012,4F1K5MRZ1TFNX06GP
439,933,Chevrolet,Emgrand 7,2019,ZTXYCUN771HPS5D0K
440,952,Acura,Clio,1994,3ZYSBLJV03LWNHK2H
441,254,Toyota,911,1979,CTK1RHCX982YC9HTG
442,10,BYD,TLX,1971,BP4SMZKH6CXPMJ17W
443,851,Maserati,Barracuda,2014,4SL0Y6EV7F0AHCXL1
444,88,Infiniti,F-PACE,1977,NCHRK79J66YNUGGJ7
445,468,Tesla,Rexton,1991,UJ6FR6E888N3Y2MF9
446,720,Lexus,Chiron,2017,48YW1X9A3K8MUF879
447,321,SsangYong,Range Rover,1999,MUGYZTC13XTP3DC8U
448,648,Volvo,Cooper,1975,MNJU7R017DL7ZBZPK
449,113,Koenigsegg,Golf,2019,RYGWKAYV8Z5HXRAY0
450,397,Holden,Clio,1989,9PLPP7D6498WA23GH
451,902,Ferrari,Lanos,2008,U93ASFPZ9LE5M9P94
452,860,Cadillac,H2,2018,ZJLW02T012H1MBRSY
453,220,Volvo,Barracuda,1974,YDTC9EA41095AHUNT
454,871,Chrysler,Regera,1983,G830JGXX6ZJ30FL3J
455,646,Dodge,Vue,2001,XAWYDY8M4FTM989DY
456,134,Saturn,300,1995,485G68519PLMNXE65
457,234,Hummer,Nexon,1992,FFV1835X8REH093CX
458,671,Genesis,ES,2020,8B7N821M9160D2H4W
459,250,SsangYong,Clio,1998,M9FM1TC31TRH0P155
460,742,Hummer,Octavia,1989,NBHUXZFH3WYETD18E
461,488,Hyundai,Vue,1980,0TVRABHZ88YX6HYN8
462,538,Tesla,Rexton,1972,A9FND18M86BPUGMP2
463,41,Acura,Nexon,1984,P7ZRJVNH8NFMLZ9PS
464,761,Audi,XC60,1996,HN8W9E0UXDHCV98MD
465,171,Mahindra,D-Max,1998,SYKVYKX31UXU1W2MU
466,462,Subaru,C-Class,1975,N9CH6NMN2GNWEX5SG
467,515,Dacia,488 GTB,2000,32WP77MJ9GJC4JG72
468,42,Saab,C-Class,1981,C9FTBZUDX92ECSFC7
469,797,Ferrari,H6,2014,4P0ZHD0316A5JE136
470,399,Cadillac,Commodore,1979,9PHDBV5B6DTCTJBTT
471,504,Volkswagen,Golf,2004,WVBPCAWU584XZG0AX
472,555,SEAT,Range Rover,1971,25CD7R8W78YNNK5VP
473,713,Infiniti,D-Max,2003,HA33FJNX9E4HWFUGA
474,142,HSV,Octavia,1980,K9Z661GA1LF9VGNWM
475,359,Buick,Huayra,1977,101U7ZVL2VT9PWCJT
476,165,Mitsubishi,F-PACE,1997,W27621JN19J290E7A
477,419,Saturn,H6,1982,ZZSCXEEZ8P3PZ55AS
478,998,Dodge,D-Max,2000,U3WGZ0E7XVPDSS6JE
479,229,Kia,Maloo,1989,LBLVDGXU23MN696PT
480,241,Lincoln,Huracán,1986,5A37F3FB2K4420X7C
481,488,Great Wall,300,2017,LM1RGF8Z0U0E4M5A7
482,275,SEAT,tC,1970,N2BAM72S8EJWGL3XN
483,881,Bentley,Maloo,2016,52WH9KHY1LV4S06FA
484,401,Genesis,H6,2023,JPS7XXWV0BLWD2YNY
485,989,Renault,Clio,1974,BYMLCMLB9HUWHAVXK
486,698,Holden,3 Series,1993,KZX1LUVP8CETAGY3K
487,386,Suzuki,Clio,1990,6K6A8M3U87BA2J5S8
488,353,Volvo,Altima,1986,8DU4H04G9DKBWSFEU
489,384,Dacia,Vue,2003,CE3W6V1F2ZE6CAYLZ
490,92,Oldsmobile,Camaro,1978,B6ECC5F6XNLD8EGDH
491,840,Jeep,Escalade,1997,8PJRAT140KXCWLNC1
492,134,Ferrari,F-PACE,2017,LKFR62H501T4KBY2H
493,918,Pagani,Continental GT,2005,6L19J6TN5F6RTNF8A
494,37,Geely,500,1991,50H613813GECTF453
495,673,Jeep,Continental GT,1995,ET6WWJMG5866CGM4G
496,430,Porsche,H2,2013,FC3ZXX605V8XW8JYW
497,51,Dacia,A4,1982,D11MYVN06NB4XTVR5
498,213,Mahindra,tC,1994,FRFMR5GS46L4KDXLC
499,966,Daewoo,Enclave,1982,3DMXXBED61K337N62
500,739,Mahindra,Emgrand 7,2012,XSECHUK614ZKMGU8D
501,26,Isuzu,Emgrand 7,1979,X6VRLMD40MLD157AW
502,709,BMW,Cooper,1977,PFNN932K23K7559M7
503,524,GMC,Vue,1987,S7VWGMLL1M84YYXXM
504,902,Land Rover,TLX,1997,4EYGPR1N0CWMMUPNK
505,198,GMC,TLX,1986,2DPKRX1R388LHXLNU
506,67,Holden,Ibiza,1993,NSPXRT904FZ0P075T
507,938,Hummer,Cooper,2010,YTWEXZZ77K79H7HV6
508,570,Acura,Golf,1991,SN8SRGL24P0XBNDYM
509,179,Volvo,Cooper,1974,5VFPHLCY2Z9VXD1EN
510,685,McLaren,1500,1996,P4CYTK00X2LJ8PD5C
511,175,Holden,Firebird,1991,8WBY6M9K4VTST97AJ
512,917,Fiat,Ibiza,2009,8XGV4MK47XCGNT3RU
513,975,Lincoln,ZS,2004,WWHAFLUW4JM10KW8C
514,386,Ram,Forte,1991,YKJNKRW42MDN1MZN0
515,524,Land Rover,Ypsilon,2000,B80ZYSX17P55UYZ2J
516,384,Skoda,Impreza,1995,30P7KCRY4BGDHYJ68
517,93,Honda,F-PACE,1979,LASKXECA9L597VSVR
518,328,Mazda,Duster,1992,LL4S2N2N4NA87GCTK
519,393,Ford,Ibiza,2019,C4RFAEG3XDG8057LU
520,476,Acura,H2,1999,MXALVXBX3T6Y7TX19
521,241,Chrysler,CS35,2016,SZE7LMZW3UXW8WXHN
522,639,Citroën,Chiron,2011,SUJG3K1C9U7F4XU79
523,287,Changan,Rexton,2006,B4D62R5T2DLX7PAH0
524,72,MG,Evija,1976,MVAF7FRZ0RY7AKCUK
525,811,Daihatsu,XUV500,1975,MXVMW2VZ6BDHKM9WB
526,900,Volkswagen,Escalade,1995,84D832FU8FW3H8PDS
527,151,SsangYong,C4,1971,LFANLZJC4AK7N2EWP
528,457,Land Rover,720S,1996,LCUHTT6U0T1ZEWMEP
529,444,Plymouth,488 GTB,1990,9KY5G9VZ3R68PCUV5
530,5,Saturn,Huracán,2017,L9C2MD0705P2DJSYZ
531,682,Rolls-Royce,XUV500,2007,FX1BZPGX6L7E9Y094
532,800,Scion,Cooper,1992,BY4C857R5EEGC5Z2D
533,13,Suzuki,Maloo,1980,67JBNRYKXJR0G1T33
534,91,Saturn,Cooper,2003,GUENYW7J10PU1YB32
535,700,Porsche,ForTwo,1985,4PYBZ5S0X09YK22EL
536,225,Maserati,Phantom,2011,16X1569Z3ED8HAD30
537,593,Mini,Range Rover,1976,DP7B4ARP2TJYPGU9J
538,206,Land Rover,Barracuda,1981,J3BFDFEJ8VDC889FC
539,123,Saturn,Nexon,1996,WL2G6SLG8ZLL6SWLN
540,249,Saturn,Challenger,1996,UT343D6T3Z55MR6ZV
541,447,Lamborghini,300,1986,C4P5ELY72SK0LM2EG
542,151,Renault,Challenger,2005,P01X2YP03LXRMGL7Z
543,141,Scion,Golf,1982,KN17VGKS86H626UMC
544,918,Jaguar,Commodore,1971,0JPGAG3F97EF1L96N
545,907,Plymouth,Nexon,2005,78050M1M0M6S27249
546,523,Acura,Clio,2000,60Z423T99KGP64N81
547,504,Buick,9-3,1973,A5JB3THE23X5SL60L
548,410,Holden,Forte,1978,WJ1AECK68HPELAWCS
549,637,Saturn,G70,1973,NJBUHEZ86HTRRZ004
550,220,Maserati,300,1989,0YE6XYL3XJBGU3EXK
551,657,Fiat,Corolla,1998,Z7HA9HDF0W6LV4N5R
552,566,McLaren,F-PACE,1970,ZGTVKFK02JD4WMX60
553,909,Acura,Altima,2017,W7M0DH865YZ8AAHRK
554,728,Subaru,Levante,2016,MC5LJXU29UMUS3UPL
555,875,Volkswagen,Maloo,1990,YM5KL2WX25003UPKY
556,670,Buick,Sierra,2016,WD5KN66D8EF5U9TF2
557,658,Infiniti,CS35,1998,GPM09VKW6NZ928TS9
558,587,BYD,Maloo,1990,4NLSXYZH9AFW2H97Z
559,630,Mini,Cutlass,1979,KZTTTLRK9VAW885Z2
560,579,BMW,G70,2015,ERW1H64XX3MHA7ZVK
561,95,Smart,Astra,1974,J4YPZ7S09YYPMCNPS
562,840,Aston Martin,XUV500,1976,L81ELDPC2WCA4RE2T
563,928,Cadillac,Copen,1994,M6JLRWSV048WW9718
564,853,Mahindra,720S,2004,4SAT4VP82SEV3LXCV
565,49,Great Wall,1500,1970,UELKN0AK2CLB7XT04
566,808,Chrysler,Lanos,2014,LJUG4TJM7F3476LN4
567,599,Renault,ZS,2013,0TK64A6RX0L3A46VA
568,241,Lotus,1500,2022,LFKYHKPVXXJHZYGP2
569,581,Mini,Wrangler,2018,DN9JTKAR1CXFJ5WBM
570,335,BMW,tC,1977,A8XMDGX359P4PFXAP
571,108,Hyundai,Camaro,2020,HMWN93B883GS6VUUA
572,380,Holden,Impreza,1970,DPEY6HD52FFTG6P48
573,588,Changan,TLX,2008,2VBFZ7BX0MJM6FKM7
574,184,Rolls-Royce,Impreza,2003,U6Y4KXD28YPRG4UD6
575,141,Buick,9-3,2020,STR8F7US8SV7MZLKC
576,646,Ram,Duster,2006,N2BM86WV9BSLR73RJ
577,690,Renault,ES,2005,XASZ873Y0AADU6ZM6
578,148,Renault,208,1997,A0H2BGKK5FV4R9RY6
579,665,Lancia,Huracán,1993,V61XTGNB68XT6U8U0
580,956,Lincoln,Altima,2022,2CJMMYHH9RDKSZ0FS
581,148,Isuzu,Emgrand 7,2012,D5T9X3EH765JB1M54
582,79,Infiniti,Regera,2020,06ZFUZ8J52G4P6YWS
583,333,Scion,488 GTB,1972,8RPGMPHX7MZ404LDT
584,369,Kia,Elantra,1998,M6JDXM2N2WYT8XBKF
585,239,Jaguar,Forte,2014,Y2608MJY7B48YYBG3
586,810,Toyota,488 GTB,2012,4CHS1MBD8PX1NLHWW
587,981,Dacia,H6,1996,ECX1UW9KX95U458E7
588,706,Daewoo,Impreza,1987,YUJDB2NH8CV81S4MS
589,975,Rolls-Royce,Corolla,2004,19B0NXVBXFWPBHYXR
590,910,MG,Huracán,2006,7CEPGVKVXCK4KER5M
591,559,Land Rover,Challenger,1986,N6CXAZ3H70PYB4AUA
592,682,Bugatti,DB11,1976,01M0W9WZ5UYYE3M2H
593,696,Maserati,Emgrand 7,2000,9HW5FGES9YRJY3NF5
594,173,Great Wall,Ypsilon,1984,B16XKBX56ZZ6CBW1J
595,118,Tata,Model 3,1977,9XRFLM8F2Y99DZV8K
596,291,Great Wall,Firebird,1982,P2E44PEJ0UYSVHPSF
597,683,Saab,C4,2006,ZNEZ9N813KXM7CPKA
598,977,Oldsmobile,A4,1983,5UB3YZVXXSC8159UT
599,447,Scion,Golf,1981,5FPANY3K4867FW4CR
600,147,Ram,XUV500,1984,ZRX77LMD3SGFB9NHC
601,271,Toyota,Giulia,2008,0P2EXK4487FH2JV8U
602,765,Citroën,Phantom,2016,WZ4B998F1YGUHG5N2
603,620,Volvo,Nexon,1992,4KSNZGD3464K8USPG
604,660,Dacia,Golf,1987,PDW7NLAD3EBXD1J1Y
605,656,Hyundai,Wrangler,1997,ZRMWRH4R43BM6TF5A
606,564,Chevrolet,Ypsilon,1995,FCK44PWS98XL0KJFN
607,531,Renault,Vue,1989,K59BHH1M9YRTHNHAZ
608,37,Mahindra,1500,2018,P571U6YX1JUB7K943
609,711,HSV,Maloo,1993,YLK4A0DA5ZPT0KDW8
610,39,Land Rover,Emgrand 7,1998,M7FEE45B7ZE3G68CN
611,257,Lincoln,Impreza,2011,21B32DUR2UZPAN271
612,99,Opel,Huracán,2007,0UCB0L4J04J672N6H
613,121,Changan,CS35,1986,HDB0WAVS167NTFF21
614,518,Maserati,Cutlass,1986,6XDCWX3M3ZK5TVHV8
615,779,Plymouth,Rexton,1996,HEYZHYV32AB7A8NF9
616,656,Lincoln,Maloo,2022,CT421HBDXMZW966CV
617,774,Genesis,Swift,1988,WVZVH77N9LYEE17YW
618,57,Buick,Vue,2018,6PWVH0C779P30V0XN
619,219,Bugatti,Golf,2007,XLZ660SW726V2YPAP
620,67,Bugatti,Mazda3,1976,8NAAWV9Y6FPK67TVE
621,559,Jaguar,Giulia,2016,JV4PAUGK3WEGXXXHU
622,450,Scion,208,1995,1V4HW0Z5XGRT4917F
623,468,Mini,911,1996,60NTE41M4LBHST3BW
624,576,Volkswagen,Altima,1972,ADFDP5W32HTBEGMMZ
625,527,Porsche,Qin,2021,LP6ZC0MK07FW2R9FS
626,312,Land Rover,Lanos,2010,DCFEJ9RY6UBVH76SX
627,911,Daewoo,500,1990,L538Z45S3FB0P0Y0H
628,748,Scion,TLX,2002,7SM7SF7G2SF6CRD3Z
629,693,Great Wall,Barracuda,1984,GVJH32ER5PVNHH9M2
630,703,Subaru,300,1973,AT9NZ0B54ZU003BF2
631,823,Isuzu,G70,1984,VMRNZHW46XVUHAEV6
632,228,Nissan,Lancer,1976,ZBYNG58J5N6H2JR3L
633,370,Land Rover,208,1972,1AG4VLX19E9EV4RWM
634,327,Nissan,Golf,1991,45Y0FR3D67AYR9MTY
635,44,Mini,Qin,1991,CRPGKC1T35WSXPKHX
636,674,Ram,Impreza,2004,CEZB29ZZ8MD4FRD5R
637,111,Nissan,Escalade,1981,RSFHM5A709RMRH6CV
638,296,Geely,ES,2011,EM4UPTXW076HVJB7U
639,743,Bentley,Cutlass,2005,1VCT9HDD8FLJ2SMDD
640,395,HSV,G70,2017,SEURKJP57GEB5V3JV
641,284,Changan,Duster,2020,9YU19Z6G6RZZZKK6P
642,780,Porsche,Phantom,1977,0ME48MXW7BUZEMBW9
643,76,Koenigsegg,Phantom,2022,KVF2GAXE9YW8B59KJ
644,666,Peugeot,Forte,1996,E3A0Z1GA11W3P8BEZ
645,98,Honda,Altima,1982,5T0TYJ0D59RCREK45
646,60,Pontiac,Mazda3,2019,991WLLNAXN80NT2WX
647,589,Daewoo,Levante,1998,BHR3P5X08WCJ1PPHC
648,530,Pontiac,ForTwo,1993,0SYPFKG23NFTTHVSR
649,711,McLaren,C-Class,2015,377Y3EDJ6KB3H0C05
650,108,Peugeot,Camaro,1997,PBNS0B9E76YAJYFKZ
651,851,Scion,ForTwo,2009,JY2JBZW16PEA79TAU
652,821,Volkswagen,Mazda3,1998,YH6AULEN2NMB11WAF
653,790,Kia,Commodore,1980,HW1N9KAN30NVTXU9U
654,313,Infiniti,Forte,2012,8PUNEZZL5HY0BN2AB
655,173,Honda,Maloo,1972,00NPRDAB9X2APPR4S
656,384,Skoda,Levante,2005,3VRYH63Z5B44RBK2W
657,491,Changan,720S,1994,KDF2E62S6GKH2BU3A
658,571,Pontiac,Lanos,2010,GJ9C6BYS0RUA30TCC
659,450,Peugeot,Navigator,1983,7JSWE0KB1RJBXPYSM
660,899,Koenigsegg,Navigator,1971,XWK7ZNWS6DZ3T8UGY
661,896,Daewoo,Duster,1973,ZYH7590N9XNM0F04F
662,272,Maserati,XC60,1987,KE6K6GUP3H66KG3FL
663,73,Mazda,XC60,1998,PGR7600R6T0WYNW1A
664,519,Lexus,ForTwo,2021,RDUGWXHX8LLPWHR2T
665,588,Kia,tC,1989,MMZ0A2E16736WHMUG
666,459,Daihatsu,208,1987,FRCTAC6L2EE6LXWVJ
667,382,Saturn,Ibiza,2003,13XC8A2S08JTSU1RE
668,691,Nissan,Sierra,2023,99A9B83S7VJNFKSJG
669,294,Subaru,Cutlass,1986,L2X6LWLA2JMDFGKK0
670,42,Mazda,500,2005,KWX24MJ71FRSFFGM9
671,146,Nissan,C4,2023,F8MVD66M0BEMA2G4B
672,748,Hyundai,Duster,1975,45WT82PGXMDTKJ6SM
673,455,Citroën,300,1988,LKJG791C28YF06JEY
674,506,Toyota,Lancer,1980,KH7Z05RH0MZJVD84X
675,163,Saab,ForTwo,2022,61YL6L479PRG026WT
676,767,Chevrolet,Huayra,1987,E0FT9PXU0KNFAPSC7
677,854,Oldsmobile,Camaro,1974,G9F2SBKZXLPTYVB0G
678,600,Smart,Lancer,2000,6KSU4ALF9C7A1TE4C
679,564,Ferrari,Huracán,1997,4XD5J4AS13YZ5X3VY
680,955,Honda,XC60,1973,KER6PFH54P8J64F87
681,608,Buick,Octavia,2022,XH4D2JAJ8PL1G3WM8
682,477,Lincoln,Ypsilon,1978,F2E2KBEC894YTMFYS
683,184,BMW,Ypsilon,1970,NYL6GUTS69BVD0FZR
684,105,Daihatsu,Range Rover,1978,C5HPC7MF1SY97979N
685,324,Koenigsegg,Evija,1994,WBEH84UZ3Y4MGADEG
686,161,Smart,TLX,2017,2DSPD6Z66TLC78ALN
687,276,Audi,H6,1976,SHSWDATA71CNP0DEG
688,950,Hyundai,Model 3,2021,HAXEETBR8RECA7GGE
689,612,Pontiac,DB11,2009,6AU7BWNB5R5AHD810
690,88,McLaren,9-3,2003,NGV7UBKC2DY5AZU9P
691,742,Suzuki,Cooper,1988,HJC1Z46VXWH52Z0TH
692,960,Tata,Copen,1998,EKZ5MZ7P5MWXE15NB
693,878,Fiat,Rexton,2017,KEUV3RR40Y1N3N1X8
694,242,Ferrari,F-PACE,1990,0XSHDB0M6RHRKC3HF
695,345,Chrysler,1500,2006,8UFHC2FW59C7008N4
696,428,BYD,Wrangler,1981,0M7KYEYB5C7B1H8B1
697,530,Mercedes-Benz,ZS,2001,JYN6UKE33UJKC80FA
698,608,Daewoo,Corolla,1984,ADPN8E6S3J059HMWF
699,159,Tata,ES,2003,SV1FT9FAX5SSYX6TF
700,260,McLaren,G70,1971,FRRU65YL742AEN4H6
701,360,Isuzu,720S,2003,4FVL7YSW9NR85SLZT
702,192,Peugeot,Cooper,1978,UKG0JFN58AVPZ2LS5
703,380,Chevrolet,Huracán,1985,APEM7W8D07H3UMTN6
704,388,Jeep,Huayra,1970,NCPRX0MT9JNSUHMZE
705,83,BMW,TLX,1974,JLC2BAVU88CNCY2ZZ
706,592,BMW,Sierra,2009,0RSVFSYC14YL8A07K
707,339,McLaren,Escalade,1975,D3V82KLM3NX7ZSW00
708,981,Daihatsu,H2,1985,HYVZ2F461SENK4YE1
709,250,SsangYong,Wrangler,2018,DS19R93J149MGB8HV
710,4,MG,tC,1971,BKFRGMVLXRLS9F7E1
711,687,Skoda,Duster,2012,7NCJZ8Z28R2L1EEW8
712,217,Oldsmobile,ZS,1994,40CUNGGN29820CHT4
713,664,Scion,Giulia,2006,75PWB2AC4NUCSXR36
714,743,Toyota,Camaro,1992,Z6M2ZMY40C5W1GNX4
715,243,Genesis,XUV500,1993,M8F637ZW0P0DLKUF0
716,925,Subaru,C-Class,1993,8S099KYC4VUK8BAPK
717,957,Hummer,Astra,1989,WR7S9BBA9SSMZ62NL
718,826,Kia,Nexon,2012,4MZ267R4X6FE7SSUG
719,465,Jaguar,Wrangler,2017,P59RFN11906WE7W7D
720,311,Lincoln,Qin,1984,WUBT5JK12F2CC9KW6
721,821,McLaren,XC60,2021,B44GT8U11EM81GZ4R
722,217,Peugeot,Rexton,1986,A4H6JM3MX2P2MYNVV
723,975,SsangYong,Lancer,2015,MM1GVA2390ASR2ZFU
724,301,Chrysler,Ypsilon,2004,R6UXP07L6A9PK1K94
725,734,Chrysler,9-3,1997,242PBUL1X5DKX0NK5
726,718,Pagani,Huayra,1984,ZJTN7RLC3DNF3VH7Y
727,235,Ram,Range Rover,2003,AE3SS3U654UTGKJRZ
728,622,Isuzu,Elantra,1995,PRJH99UC0Y59GURXW
729,832,Pontiac,Forte,2012,M7DF9SAC85NVGUSB5
730,785,Suzuki,Phantom,2009,1TF7VNE06G8L0JDZL
731,221,Opel,Lanos,1983,E64P2H359A2WW14W6
732,315,Kia,Impreza,1985,EAAWYC5E96465F546
733,306,Fiat,Sierra,1988,UYKGBCL49FZTJYNPL
734,98,BYD,ES,2023,8NJLDDNM5VN5FNCVL
735,931,Cadillac,Chiron,1977,BCHZ0GJY4KLB851VU
736,183,Lancia,Wrangler,1981,C4XDS0XY771H2Y60L
737,974,McLaren,ES,1980,2RG0AZFW100V7NZD6
738,665,Kia,Lanos,1976,4RHNNUXGXZS86X63U
739,74,Great Wall,Forte,2020,BU6E5MV37VMN3HCXW
740,818,Chevrolet,Huayra,2018,0YPWSWRNX71MRNCY7
741,171,Ferrari,Cutlass,2008,JYHVBVFD9KD6K7VFY
742,900,Tata,Phantom,2022,TY115HZZ6W3GUN4WB
743,103,Ram,Challenger,1976,DWLP9B3UXCH4040EB
744,870,Pagani,Ypsilon,2010,YU1T9J5C8VS3B6PBV
745,230,Lancia,Golf,2007,BY035UFX76Z41P34H
746,188,Mitsubishi,Sierra,2008,M2301JX72D10L7U61
747,958,Ferrari,Lancer,1996,F6EN4E3042G5Z8X5H
748,963,Infiniti,208,2021,BXY7NE1L1G4M8WJN3
749,2,Pagani,Ibiza,1998,70RSW7EA2T40CG4DZ
750,499,Opel,Forte,2007,11S4746S5H3FZR31U
751,521,Fiat,Ypsilon,2015,3TAHJMU26JPUJJHSK
752,430,Opel,Sierra,1973,SCAZXYS028A7ZZADN
753,327,SsangYong,C4,2000,7L4L2X494H02R92KJ
754,620,Great Wall,Huracán,1977,40GYFTPC2GN42X5J3
755,692,Smart,208,2000,0MXM87B72K1VXALWV
756,655,Nissan,Nexon,1984,R6UJKY23011YKWVC5
757,304,Plymouth,9-3,1992,4MZUWLY97J6MXE46V
758,893,Lincoln,F-PACE,1984,MV9ZBD8L7HU4K2RJ0
759,588,Saturn,Copen,1980,UKP31HKS8HYN7K5LM
760,376,Changan,Evija,1991,V8FH3GZX7UWRGZLHH
761,891,Lancia,Duster,1980,L4V2E8UD767ZA7DAM
762,643,Bugatti,720S,1985,EVMGZ8GW41UBN4H1P
763,842,Cadillac,Qin,2005,FXDTRXT77UW6A2XL5
764,548,Citroën,tC,2007,DKE2RCTL6U4VME89A
765,490,Alfa Romeo,720S,2016,J6EYJU0T5VHMX5A90
766,370,Volkswagen,ES,1973,F35EJ2YA6ZCWT5WVJ
767,86,Maserati,H6,1977,0GN0VBDC31BKZE8EX
768,384,HSV,911,1989,GNLXURHR60BRJMXX5
769,744,SsangYong,Copen,1971,5CFHGX8P8MY1L0P6Y
770,171,Pontiac,720S,1989,J2JCFJF50NZ8M045X
771,165,Volvo,Escalade,1983,MYWU93HVXYFUFZHZL
772,461,Scion,Elantra,1991,5DHN289G26CJG1KZP
773,800,Lincoln,C-Class,2017,EP7GMM3K799E0K8A8
774,254,Isuzu,Rexton,1991,L0XNWVDE2LZDC9M3T
775,983,Bentley,G70,1994,C7PD8CXM714LBW0KD
776,928,Smart,Lanos,1998,CSLH6EUF4FCJ0CSV4
777,923,Isuzu,ES,1990,2BUHUXUS69Z08U2CH
778,112,Rolls-Royce,3 Series,1976,4UX6Z1AR2HFNWLTXL
779,412,Mitsubishi,9-3,2007,D4M7Z8YL832TB8MXK
780,259,Opel,Sierra,2015,CNG6JBDV7G121Z2C9
781,211,Rolls-Royce,Camaro,1973,BZYYHHCY9FLFAE72V
782,816,Ford,H6,1998,0PSPJSKG56UM596CN
783,15,Changan,Corolla,2014,LHX88DX54VPRE47JT
784,740,Cadillac,Astra,2019,GCH7KGB56RNAH0MJU
785,7,GMC,Chiron,1985,FBBE1XLB7ZP4M8H8F
786,900,Saab,Huracán,1971,AV6DZJR6X1T3T6BGK
787,763,Subaru,Altima,2005,9LH7RE9K1RAB23GZJ
788,376,Hyundai,Enclave,2021,WSFF6JB92EE0YDXC7
789,611,Buick,H2,1972,011P47CG79ZHW18MG
790,894,Bugatti,3 Series,1977,RV2K3G9D8KP7AH0LL
791,869,Maserati,208,1987,SU146PV95DMBN5WFR
792,409,Scion,Ibiza,2005,5JHXUZ5L2TP18DXFX
793,700,Ford,ForTwo,2007,5M1RCW4F799SP7DV5
794,496,Ferrari,XC60,1998,TNK0W673435K0JW99
795,381,Mercedes-Benz,C4,2016,L5B54BAD0H2VNP8MK
796,632,Holden,Challenger,1999,V0R40KCX8TA0MZGZ8
797,586,Buick,ES,1974,B5H3377L0HC20498K
798,387,Saab,Altima,1983,LZS9GK895SG2MC96J
799,218,Skoda,Challenger,2000,9SP8UHM5X31XPBKD3
800,227,Cadillac,Nexon,1979,6XC6USE941KH5TGB3
801,61,Toyota,Huayra,1973,5UR4NMUG64FZLESF0
802,350,Daihatsu,H6,1983,T5LP2PFE025YMCD7P
803,634,Peugeot,Mustang,2006,18V4YVV005T37CV6R
804,229,Mahindra,9-3,1977,EYZFBW8G41FW620G4
805,117,Tesla,Lancer,1988,RT6GP9HR7SS7PZUW3
806,194,Audi,Forte,1982,SA490RNJ2WL415BV0
807,994,BYD,Impreza,1996,4M9D1YXB79WJUNMYB
808,100,GMC,Wrangler,1980,XFYB57J97EEYN3UJM
809,175,Pontiac,Wrangler,1999,K124ZMXM3W2HBEZKS
810,950,Mahindra,CS35,2009,TPVAHA2SXRNTVCG77
811,819,Volkswagen,1500,2007,KL5HB3TD8RX1R6PUV
812,711,Daihatsu,Elantra,1986,W51UN3SU9ZF6U0Y9J
813,891,Volvo,Cooper,2002,RG8BU29R3GTGCZ62S
814,12,Nissan,Mazda3,2006,70MZRTC0313740NZK
815,153,Aston Martin,Qin,1999,BL0VM7MK0CJPDVTCY
816,411,GMC,Qin,1983,JYSCVXTJ9NLL3MJE0
817,727,Lexus,Cooper,1988,HYCB2L3G2K2WGR9GX
818,893,Lexus,Rexton,1985,LAM3XV4K07CHLP0T3
819,785,Lexus,Qin,2005,VT7YS80G84R1YJXSF
820,106,Honda,Cooper,2011,37MJDSTA2D32YNDDT
821,542,Dodge,Qin,2004,4581DJB394WZA8Y91
822,785,Hummer,H6,2016,5CNV48A097LDMHWRL
823,852,Mitsubishi,Golf,1984,XWCXRWX4XF1VW6FCL
824,65,Porsche,Challenger,2016,BUWYYY3X18UFXGLN8
825,285,Isuzu,3 Series,1972,H1637W1R75JF7TFUN
826,456,Lamborghini,Astra,2016,SSHRP7585BWZDEDW2
827,444,Maserati,Range Rover,2016,MCYUTX5K2WKKPH4T6
828,705,Subaru,Ibiza,1996,8PH9V5Z15GPWVNWWT
829,982,Skoda,208,1975,TRFRVY7L2C66H1AC7
830,969,Mahindra,H6,1993,HPBR4WJD9G5920VNW
831,576,Genesis,Forte,2011,VX7NNU7SX2ZXHG843
832,628,Opel,Copen,1997,BXL11XW358WYXCWPW
833,314,Dacia,Commodore,2022,VHG1MFJX0ESTBD2WR
834,591,HSV,Altima,1971,0NDG4EBP7ARVFGV6F
835,948,McLaren,Continental GT,1971,EUAM23ZZ08P5YZVDE
836,565,Tesla,Vue,2001,P4938X2Y7WMEW7TNS
837,321,Opel,Ibiza,1985,AJJ9XF2S558BJCNY0
838,861,Opel,C-Class,2010,77SNJ8P2XS29KFTGM
839,430,Lancia,Forte,1994,SSU7B5DBX4PSC8G0M
840,393,Daihatsu,911,1998,XWDTLWS08XEG3NA3P
841,835,Lotus,H2,1986,HXE2UFB490XL3TU9N
842,432,Renault,Nexon,2014,SJ2KH3ER4B2RC00LA
843,820,Lincoln,tC,1979,LL7S0YAA31T1G941N
844,183,Lexus,Huayra,2011,XE3088AM72JF1W43F
845,319,Opel,Maloo,1972,5AM3YJCL6BC97BK07
846,627,Jaguar,Duster,2005,6JFFZ6938V02GVS5N
847,679,Citroën,Emgrand 7,2006,X08XLPM0X46YJYNGE
848,548,Ferrari,Model 3,2023,TVVBPFJ8XD4N7WFY0
849,100,Dodge,Duster,2021,SU7YRWHC6FXAWRDR6
850,753,HSV,Sierra,1980,6B1LXFZPX1NPWKYMF
851,257,Aston Martin,Model 3,2011,D0Z6RTAMXBTLVUCLP
852,905,Volkswagen,3 Series,1975,6JG112373NRUHR2ZK
853,868,BYD,Navigator,1971,XDDVWLSW5GDXYFZRR
854,135,HSV,XC60,1972,L1WHF3FL504PWZRN3
855,232,Mini,Vue,2011,23U9CCFDX9JAVYDP1
856,517,Mazda,Enclave,2018,BLKKGNMT5SN7WZDAV
857,938,Great Wall,Mustang,1982,NSMEPXN211GX8YN7H
858,84,Kia,Continental GT,2007,ECE4N37E0U0JH4GRK
859,606,Genesis,Clio,2004,8FDWWCPP7XDU8Z7D1
860,161,Holden,A4,1994,J2C1HDHKXE008GZNG
861,916,BMW,XC60,2008,W6NZ9EL93WXCPYCM2
862,695,Mercedes-Benz,G70,1982,L6SHVMJW91J5FTJHR
863,22,Rolls-Royce,911,2008,3SLRTB2R0CYS69C60
864,699,Mini,Barracuda,2006,J9FF8R7W2UR83F09N
865,859,Chrysler,500,1990,11JF9R224S0SYR7HD
866,371,Pontiac,Clio,2003,FFFJ2DZB3LAG4JWUL
867,467,Skoda,300,1994,6KB0P9S25HJTRLHAV
868,872,Bugatti,9-3,2016,ZHEVFEEF34CTR6U69
869,330,MG,720S,1998,E9ACNV837DMTFE2SF
870,69,Bugatti,Model 3,1980,1VWWTY3247CU4YC7L
871,539,BMW,C4,1993,Y1VX6J926ETKK0VEY
872,943,Mitsubishi,ES,1981,855SLDB64JU986U49
873,346,Great Wall,Forte,2021,8DM15X9M5AXJRF3G7
874,499,Pagani,Rexton,2010,6EJ0X5ZH7B5TWK1S8
875,670,Maserati,XC60,2013,LXB00G475BMXB5NA7
876,775,Ram,3 Series,2014,HFLTK3S849XFV4D38
877,243,Skoda,9-3,2021,NZVUK6NL40KX18JD5
878,312,Tesla,Mazda3,1971,7MKS75WG23FS1N53Z
879,400,Land Rover,Phantom,2001,4PHA55AV2UJ218FMK
880,247,Plymouth,911,1991,X16S0UP458RT58YBD
881,7,Oldsmobile,tC,1998,KMMLY7XB5FJDAWL3Z
882,399,Chrysler,Rexton,2009,5DZR5S0D4LD8NBU4C
883,522,Cadillac,Levante,1988,WWL7417S7511RK76S
884,350,SsangYong,Q50,1986,5J6PLYN5X61N1U7SA
885,703,Ram,Evija,2020,UZBVNXUTXXSEV9E97
886,823,Tesla,Copen,1977,F2KKZRW70J2WEHP3S
887,457,Jeep,Lancer,2022,KYBBHDSN2G8EXSV0Y
888,60,Chrysler,911,1979,ZAMKFA9E7TY7BP58M
889,323,Mercedes-Benz,720S,1973,7X209B1Z7KL4ZUFDH
890,252,Dodge,Model 3,1984,DH704CV5XH9AWKPJ9
891,462,Honda,ZS,1990,DGD993ME4F67F4YPU
892,868,Acura,Clio,1979,1A8GE5SZX6A18F6UR
893,459,Fiat,Lanos,1992,LMRGDFH03SD9S6J56
894,870,Oldsmobile,Huracán,1994,T6SFDBYK7KPMH520N
895,122,Porsche,C4,2018,9MGDY9WN71PT7VS8F
896,934,Hyundai,Challenger,1976,31T7L1YK04R0T9EGY
897,922,Peugeot,Q50,1971,G3PU3DH06L5RHF22F
898,813,Tata,Escalade,1985,XP0U3E9T268XHMTLU
899,641,Ford,C-Class,1974,MYNNESNP2PXCES96X
900,510,Mazda,Regera,1973,BW92SANA4B77GVHGK
901,407,Ram,tC,2021,LA70YZ9L27M3G7R4V
902,888,Jaguar,Wrangler,1992,ZAE80E9861D3GFYYY
903,962,HSV,Copen,2019,F9YSTNKC8HF7YZ241
904,687,Genesis,Impreza,2019,KGS1UBNU7A5KP7H28
905,217,Buick,Q50,2011,PZ8MNSBC8Y464W3T1
906,938,Geely,ForTwo,1992,LCP3PY9B0Y3238PWW
907,245,Maserati,Chiron,1996,E4UA5KRP2F7MA0HG6
908,247,Renault,Altima,1971,UF40L3T66RRX1VJXG
909,274,Peugeot,Ypsilon,2006,6XPHWGW20MGK3FT2F
910,725,Maserati,Wrangler,1982,CB0WMAHB4HMZXW8TD
911,383,Lexus,Altima,1996,T70NLM6Y0VYC8VBUP
912,969,Mazda,ForTwo,1997,7ESWLSM0X8KA1ZYT8
913,740,MG,Camaro,2011,YTE8MT3J37HMU9T62
914,367,Volvo,tC,2023,8JGGKV9T13ND4FV2P
915,794,Buick,H2,2014,64D0LJ0Y3DZYMJLSB
916,307,Fiat,Golf,2009,20U328VA6JX81GPG9
917,395,Acura,Wrangler,2010,KSFMTTXF5H2J8Y66L
918,750,Hyundai,CS35,2014,F34DD8GN939UNCGE3
919,144,Peugeot,tC,2007,5B74FPXX3VV5VDCNW
920,892,Ram,Giulia,1979,G25F43LW6ZTYPN5J9
921,93,Alfa Romeo,Mazda3,1990,NW9B023G52BF8W5L6
922,978,Saturn,Civic,1971,RWNA4L690T6X5BZHC
923,522,SEAT,Wrangler,1982,BKDW70DP9H8A0ZZXP
924,960,Nissan,9-3,2011,U17WJFUT7ZL6PH68N
925,482,Chevrolet,Camaro,2008,ZBSRLHJ79461EVY4M
926,814,Ram,DB11,2006,517ZE4PN5KTKM54VA
927,863,Geely,Swift,2011,AU5FCEPJ7L027XUHN
928,423,Dodge,Emgrand 7,1984,GSN1C5SB5L5LDXPFU
929,363,Rolls-Royce,C4,2004,KFJARCS969V4KB8R4
930,334,Renault,Continental GT,2013,PRA12YH56Z4BCE46P
931,22,Audi,Evija,1993,6GKZ63RU1AT22BD40
932,899,Tesla,Elantra,1991,7H0821WH558RSPA28
933,943,SsangYong,CS35,1971,K4N0R5TA2BYGV3UYD
934,747,Rolls-Royce,Navigator,2009,8HA71UGS0S3P86Y3U
935,81,Daewoo,Firebird,1998,EM6P9DC678MNY9T39
936,28,Dacia,C-Class,1996,TNT7ZA063SCLXAP79
937,214,Subaru,Golf,1972,FHY8CUNH0UXFC4HDL
938,155,Lamborghini,911,2010,LV8A4PALX7MZU964L
939,885,GMC,Evija,2017,95PH0D1V59WUVE4F6
940,96,Porsche,D-Max,2022,8K4YVNTX9CVEXGV18
941,754,Honda,Levante,1981,15YEDRVZ14K1W82FE
942,914,Jeep,Duster,2012,7PPL2SNR3NUTXEF93
943,72,BMW,Navigator,1980,F0TGLNV19YZ8WJMKY
944,556,Dodge,Qin,2003,GEBE9MKU9A1PGMTVM
945,446,Land Rover,911,1972,JEVNJGML1ESSKWD47
946,776,Dacia,Barracuda,2022,1KM7SD6N2N190Y4KA
947,347,Saab,G70,1970,KV2PKNUCX2GC1Z7GD
948,547,Skoda,Mustang,1992,WNUTW4759GX45ACRL
949,789,Renault,Astra,1999,ZBHBW6SW5LL6P7TGX
950,954,Chevrolet,Elantra,2001,DK7P82RT8X6LGDPM8
951,651,Buick,ES,2020,95CMCJMM1FGU2MJDP
952,754,Alfa Romeo,G70,2009,Y1XPJTJW8YT05UV9N
953,776,Mini,H2,1978,BEVDVMHZ3DS6TW6Z0
954,649,Genesis,300,2003,LJF2YFV979Z3YNB4U
955,997,Aston Martin,Commodore,1972,8TJHGK0W8LWHM26LP
956,630,Infiniti,Regera,2019,SLMSAE496146XSKMB
957,153,Pagani,Lanos,2002,4JRZAE9W4C8WRN6LM
958,351,Toyota,Phantom,2016,SJ1PVWRX2DT9VS5WR
959,521,Fiat,Commodore,2004,RCC2NU6V1AES8NBJJ
960,245,Hyundai,720S,1983,H4AH1D1A2XTKYLJJ3
961,625,Pontiac,tC,2019,A1NK75B95TB0JUCPM
962,434,Holden,Huracán,1978,FT5VU2489ELL850D9
963,59,Acura,Enclave,1971,PSX80F298X21AC0AD
964,608,Renault,Regera,2002,KD14X7LU8ZYXWLZZM
965,344,SEAT,Mustang,1981,DJZN4CNX87B8R4JLG
966,841,Mini,Navigator,1999,SXGM3MT1XA3B2V751
967,518,Genesis,Levante,2021,B9W49VPA9SECG5T4X
968,397,Ram,Civic,1991,5EB6JZVM2KWD97UH5
969,305,Isuzu,Phantom,2011,UV0KWZAE91C64SEDZ
970,944,Toyota,Barracuda,2007,70B2NU7A8PK95V5KP
971,60,Volkswagen,F-PACE,1995,WZ9TVHDD7NTKXEH3T
972,909,Hummer,Octavia,2019,S1ASZG6T0B933KU78
973,956,Fiat,Cooper,2021,UNFMPP6P1TSPLXRDY
974,741,Cadillac,Enclave,2012,V4C327F80JJ7G99PU
975,7,Tesla,Lancer,2019,B3JKBSBJX85D0C7HM
976,750,Bugatti,208,2015,E1VKJBCR06HMS8YLM
977,391,Cadillac,Cutlass,2017,8Z5PHUDW3JZG66206
978,524,Dodge,G70,2018,SV29H2PS5WSPF2779
979,293,Mahindra,Octavia,2016,BPV65XXU091EPMXDH
980,488,Dacia,Astra,1989,EPS3Y93A9693RAZY7
981,897,Land Rover,Qin,2011,CEC8MRF15B71T5ZJW
982,472,Genesis,Huayra,2009,T2W39CUR5YRFZ3WC1
983,641,Ford,Ypsilon,1987,MTMDD5ZDXAE8BTCLF
984,744,Lotus,Elantra,2005,TWLTZMB53M3BXCD4C
985,135,HSV,TLX,1985,8VFRVTTK3A3JK1C4T
986,750,Dodge,Lancer,2017,5RCC0PCJXRLBDL64L
987,245,Renault,DB11,2012,7D8JWEDJ4HWHB68XW
988,577,Ram,Forte,2010,XMXPLLMJ4YVX8D1VZ
989,612,Genesis,Q50,2016,4X8EN1LV4NUXUUVW7
990,492,Jeep,D-Max,2001,J6ZCU0CL14958B4GN
991,400,Lancia,Mazda3,2018,BZW6VEKE878A3B2B8
992,541,HSV,H2,1973,RYVAN83X08XVHB3Z9
993,50,Acura,Rexton,2018,HDFMMY1H6J0GT8HJX
994,263,Lamborghini,Lanos,1992,T8NNCGZ347UR663D1
995,507,Lancia,tC,2021,78SNFZMS65L1M2E2Y
996,703,Saturn,Lancer,1992,4EVN9E3D38C0ATYMD
997,545,Mazda,D-Max,1996,UYK4LD0D0VP9Z7KH2
998,878,Audi,Copen,2000,MBCJ9MB21PXZDP74D
999,806,Ford,DB11,2004,4EL1N04H2337J0SV8
1000,875,Acura,Lanos,1988,GLV47R7Y4EFWTUFR5
